ID,Tên_File,Nhãn_Số,Phân_Loại,Độ_Dài (giây)
1,1.wav,0,Thật,3.44
2,10.wav,0,Thật,6.31
3,100.wav,0,Thật,3.58
4,1000.wav,0,Thật,1.79
5,1001.wav,0,Thật,6.23
6,1002.wav,0,Thật,3.5
7,1003.wav,0,Thật,10.84
8,1004.wav,0,Thật,1.37
9,1005.wav,0,Thật,5.29
10,1006.wav,0,Thật,1.28
11,1007.wav,0,Thật,9.56
12,1008.wav,0,Thật,1.71
13,1009.wav,0,Thật,0.85
14,101.wav,0,Thật,2.47
15,1010.wav,0,Thật,2.9
16,1011.wav,0,Thật,2.47
17,1012.wav,0,Thật,10.24
18,1013.wav,0,Thật,2.39
19,1014.wav,0,Thật,3.24
20,1015.wav,0,Thật,6.66
21,1016.wav,0,Thật,2.13
22,1017.wav,0,Thật,1.62
23,1018.wav,0,Thật,2.65
24,1019.wav,0,Thật,3.24
25,102.wav,0,Thật,5.89
26,1020.wav,0,Thật,1.11
27,1021.wav,0,Thật,3.07
28,1022.wav,0,Thật,6.91
29,1023.wav,0,Thật,2.3
30,1024.wav,0,Thật,4.1
31,1025.wav,0,Thật,8.53
32,1026.wav,0,Thật,5.8
33,1027.wav,0,Thật,6.31
34,1028.wav,0,Thật,15.96
35,1029.wav,0,Thật,2.9
36,103.wav,0,Thật,2.05
37,1030.wav,0,Thật,2.3
38,1031.wav,0,Thật,3.84
39,1032.wav,0,Thật,6.4
40,1033.wav,0,Thật,2.9
41,1034.wav,0,Thật,1.88
42,1035.wav,0,Thật,6.91
43,1036.wav,0,Thật,2.3
44,1037.wav,0,Thật,2.56
45,1038.wav,0,Thật,7.68
46,1039.wav,0,Thật,9.73
47,104.wav,0,Thật,3.58
48,1040.wav,0,Thật,2.39
49,1041.wav,0,Thật,1.19
50,1042.wav,0,Thật,4.18
51,1043.wav,0,Thật,3.07
52,1044.wav,0,Thật,4.18
53,1045.wav,0,Thật,10.15
54,1046.wav,0,Thật,2.56
55,1047.wav,0,Thật,4.01
56,1048.wav,0,Thật,1.71
57,1049.wav,0,Thật,1.71
58,105.wav,0,Thật,3.5
59,1050.wav,0,Thật,2.39
60,1051.wav,0,Thật,4.35
61,1052.wav,0,Thật,1.88
62,1053.wav,0,Thật,3.24
63,1054.wav,0,Thật,2.3
64,1055.wav,0,Thật,3.41
65,1056.wav,0,Thật,1.79
66,1057.wav,0,Thật,1.88
67,1058.wav,0,Thật,5.63
68,1059.wav,0,Thật,4.44
69,106.wav,0,Thật,4.95
70,1060.wav,0,Thật,8.7
71,1061.wav,0,Thật,2.99
72,1062.wav,0,Thật,9.9
73,1063.wav,0,Thật,1.28
74,1064.wav,0,Thật,3.33
75,1065.wav,0,Thật,3.93
76,1066.wav,0,Thật,3.84
77,1067.wav,0,Thật,2.3
78,1068.wav,0,Thật,4.52
79,1069.wav,0,Thật,2.39
80,107.wav,0,Thật,3.33
81,1070.wav,0,Thật,8.96
82,1071.wav,0,Thật,2.82
83,1072.wav,0,Thật,7.51
84,1073.wav,0,Thật,5.12
85,1074.wav,0,Thật,1.54
86,1075.wav,0,Thật,4.95
87,1076.wav,0,Thật,4.18
88,1077.wav,0,Thật,2.73
89,1078.wav,0,Thật,4.52
90,1079.wav,0,Thật,2.9
91,108.wav,0,Thật,2.73
92,1080.wav,0,Thật,2.05
93,1081.wav,0,Thật,9.64
94,1082.wav,0,Thật,1.02
95,1083.wav,0,Thật,5.55
96,1084.wav,0,Thật,2.13
97,1085.wav,0,Thật,1.45
98,1086.wav,0,Thật,1.54
99,1087.wav,0,Thật,1.28
100,1088.wav,0,Thật,2.73
101,1089.wav,0,Thật,0.68
102,109.wav,0,Thật,5.46
103,1090.wav,0,Thật,3.93
104,1091.wav,0,Thật,3.07
105,1092.wav,0,Thật,3.5
106,1093.wav,0,Thật,4.95
107,1094.wav,0,Thật,3.5
108,1095.wav,0,Thật,2.39
109,1096.wav,0,Thật,1.54
110,1097.wav,0,Thật,1.54
111,1098.wav,0,Thật,2.3
112,1099.wav,0,Thật,8.02
113,11.wav,0,Thật,2.9
114,110.wav,0,Thật,5.63
115,1100.wav,0,Thật,4.27
116,1101.wav,0,Thật,5.29
117,1102.wav,0,Thật,7.34
118,1103.wav,0,Thật,2.47
119,1104.wav,0,Thật,5.97
120,1105.wav,0,Thật,4.52
121,1106.wav,0,Thật,7.42
122,1107.wav,0,Thật,3.75
123,1108.wav,0,Thật,5.72
124,1109.wav,0,Thật,1.62
125,111.wav,0,Thật,7.17
126,1110.wav,0,Thật,0.51
127,1111.wav,0,Thật,1.62
128,1112.wav,0,Thật,1.96
129,1113.wav,0,Thật,2.39
130,1114.wav,0,Thật,3.41
131,1115.wav,0,Thật,2.39
132,1116.wav,0,Thật,1.45
133,1117.wav,0,Thật,2.3
134,1118.wav,0,Thật,7.34
135,1119.wav,0,Thật,2.39
136,112.wav,0,Thật,4.1
137,1120.wav,0,Thật,3.33
138,1121.wav,0,Thật,6.31
139,1122.wav,0,Thật,3.93
140,1123.wav,0,Thật,1.37
141,1124.wav,0,Thật,1.28
142,1125.wav,0,Thật,5.63
143,1126.wav,0,Thật,1.71
144,1127.wav,0,Thật,3.67
145,1128.wav,0,Thật,8.11
146,1129.wav,0,Thật,3.58
147,113.wav,0,Thật,5.97
148,1130.wav,0,Thật,1.79
149,1131.wav,0,Thật,5.97
150,1132.wav,0,Thật,3.5
151,1133.wav,0,Thật,0.85
152,1134.wav,0,Thật,3.16
153,1135.wav,0,Thật,5.03
154,1136.wav,0,Thật,2.73
155,1137.wav,0,Thật,9.05
156,1138.wav,0,Thật,6.49
157,1139.wav,0,Thật,2.05
158,114.wav,0,Thật,3.41
159,1140.wav,0,Thật,2.47
160,1141.wav,0,Thật,7.0
161,1142.wav,0,Thật,2.73
162,1143.wav,0,Thật,1.88
163,1144.wav,0,Thật,1.96
164,1145.wav,0,Thật,2.73
165,1146.wav,0,Thật,3.16
166,1147.wav,0,Thật,3.5
167,1148.wav,0,Thật,2.56
168,1149.wav,0,Thật,5.55
169,115.wav,0,Thật,3.41
170,1150.wav,0,Thật,3.07
171,1151.wav,0,Thật,8.02
172,1152.wav,0,Thật,3.58
173,1153.wav,0,Thật,3.93
174,1154.wav,0,Thật,6.74
175,1155.wav,0,Thật,1.54
176,1156.wav,0,Thật,6.57
177,1157.wav,0,Thật,4.52
178,1158.wav,0,Thật,0.77
179,1159.wav,0,Thật,4.69
180,116.wav,0,Thật,1.62
181,1160.wav,0,Thật,2.9
182,1161.wav,0,Thật,3.16
183,1162.wav,0,Thật,4.69
184,1163.wav,0,Thật,2.22
185,1164.wav,0,Thật,6.57
186,1165.wav,0,Thật,2.73
187,1166.wav,0,Thật,4.52
188,1167.wav,0,Thật,1.96
189,1168.wav,0,Thật,0.85
190,1169.wav,0,Thật,3.41
191,117.wav,0,Thật,5.38
192,1170.wav,0,Thật,3.84
193,1171.wav,0,Thật,2.05
194,1172.wav,0,Thật,3.16
195,1173.wav,0,Thật,5.12
196,1174.wav,0,Thật,2.3
197,1175.wav,0,Thật,14.51
198,1176.wav,0,Thật,6.49
199,1177.wav,0,Thật,9.22
200,1178.wav,0,Thật,1.54
201,1179.wav,0,Thật,3.75
202,118.wav,0,Thật,2.56
203,1180.wav,0,Thật,1.96
204,1181.wav,0,Thật,3.24
205,1182.wav,0,Thật,8.53
206,1183.wav,0,Thật,1.88
207,1184.wav,0,Thật,1.45
208,1185.wav,0,Thật,4.78
209,1186.wav,0,Thật,1.71
210,1187.wav,0,Thật,3.75
211,1188.wav,0,Thật,1.54
212,1189.wav,0,Thật,1.11
213,119.wav,0,Thật,2.05
214,1190.wav,0,Thật,1.11
215,1191.wav,0,Thật,1.28
216,1192.wav,0,Thật,1.37
217,1193.wav,0,Thật,4.35
218,1194.wav,0,Thật,2.65
219,1195.wav,0,Thật,3.33
220,1196.wav,0,Thật,5.03
221,1197.wav,0,Thật,7.77
222,1198.wav,0,Thật,0.94
223,1199.wav,0,Thật,2.56
224,12.wav,0,Thật,4.27
225,120.wav,0,Thật,2.99
226,1200.wav,0,Thật,2.82
227,121.wav,0,Thật,5.21
228,122.wav,0,Thật,7.25
229,123.wav,0,Thật,2.22
230,124.wav,0,Thật,4.35
231,125.wav,0,Thật,6.83
232,126.wav,0,Thật,5.55
233,127.wav,0,Thật,3.58
234,128.wav,0,Thật,1.45
235,129.wav,0,Thật,2.73
236,13.wav,0,Thật,2.05
237,130.wav,0,Thật,2.9
238,131.wav,0,Thật,4.61
239,132.wav,0,Thật,3.75
240,133.wav,0,Thật,1.11
241,134.wav,0,Thật,5.63
242,135.wav,0,Thật,2.9
243,136.wav,0,Thật,6.31
244,137.wav,0,Thật,2.05
245,138.wav,0,Thật,4.69
246,139.wav,0,Thật,2.82
247,14.wav,0,Thật,2.73
248,140.wav,0,Thật,4.61
249,141.wav,0,Thật,2.56
250,142.wav,0,Thật,3.58
251,143.wav,0,Thật,1.96
252,144.wav,0,Thật,2.39
253,145.wav,0,Thật,2.13
254,146.wav,0,Thật,2.13
255,147.wav,0,Thật,4.86
256,148.wav,0,Thật,2.73
257,149.wav,0,Thật,2.65
258,15.wav,0,Thật,7.51
259,150.wav,0,Thật,3.75
260,151.wav,0,Thật,4.35
261,152.wav,0,Thật,3.41
262,153.wav,0,Thật,5.03
263,154.wav,0,Thật,4.61
264,155.wav,0,Thật,2.22
265,156.wav,0,Thật,7.0
266,157.wav,0,Thật,6.74
267,158.wav,0,Thật,3.58
268,159.wav,0,Thật,5.89
269,16.wav,0,Thật,3.93
270,160.wav,0,Thật,2.73
271,161.wav,0,Thật,2.13
272,162.wav,0,Thật,4.18
273,163.wav,0,Thật,2.47
274,164.wav,0,Thật,3.41
275,165.wav,0,Thật,5.89
276,166.wav,0,Thật,5.97
277,167.wav,0,Thật,2.22
278,168.wav,0,Thật,1.28
279,169.wav,0,Thật,5.89
280,17.wav,0,Thật,4.27
281,170.wav,0,Thật,1.37
282,171.wav,0,Thật,3.5
283,172.wav,0,Thật,9.13
284,173.wav,0,Thật,2.3
285,174.wav,0,Thật,1.45
286,175.wav,0,Thật,7.42
287,176.wav,0,Thật,15.79
288,177.wav,0,Thật,2.82
289,178.wav,0,Thật,2.82
290,179.wav,0,Thật,9.05
291,18.wav,0,Thật,2.56
292,180.wav,0,Thật,9.56
293,181.wav,0,Thật,2.82
294,182.wav,0,Thật,2.82
295,183.wav,0,Thật,5.12
296,184.wav,0,Thật,3.84
297,185.wav,0,Thật,7.25
298,186.wav,0,Thật,4.61
299,187.wav,0,Thật,7.34
300,188.wav,0,Thật,3.24
301,189.wav,0,Thật,1.71
302,19.wav,0,Thật,2.39
303,190.wav,0,Thật,14.85
304,191.wav,0,Thật,8.36
305,192.wav,0,Thật,7.68
306,193.wav,0,Thật,5.21
307,194.wav,0,Thật,1.96
308,195.wav,0,Thật,2.13
309,196.wav,0,Thật,3.07
310,197.wav,0,Thật,3.84
311,198.wav,0,Thật,11.26
312,199.wav,0,Thật,1.79
313,2.wav,0,Thật,3.5
314,20.wav,0,Thật,2.82
315,200.wav,0,Thật,1.96
316,201.wav,0,Thật,2.56
317,202.wav,0,Thật,2.56
318,203.wav,0,Thật,2.99
319,204.wav,0,Thật,4.01
320,205.wav,0,Thật,2.39
321,206.wav,0,Thật,9.56
322,207.wav,0,Thật,2.56
323,208.wav,0,Thật,6.4
324,209.wav,0,Thật,5.72
325,21.wav,0,Thật,2.05
326,210.wav,0,Thật,2.13
327,211.wav,0,Thật,1.79
328,212.wav,0,Thật,4.86
329,213.wav,0,Thật,6.06
330,214.wav,0,Thật,4.01
331,215.wav,0,Thật,8.36
332,216.wav,0,Thật,1.45
333,217.wav,0,Thật,3.58
334,218.wav,0,Thật,3.24
335,219.wav,0,Thật,3.93
336,22.wav,0,Thật,5.8
337,220.wav,0,Thật,6.06
338,221.wav,0,Thật,1.62
339,222.wav,0,Thật,7.0
340,223.wav,0,Thật,2.73
341,224.wav,0,Thật,1.88
342,225.wav,0,Thật,4.44
343,226.wav,0,Thật,1.71
344,227.wav,0,Thật,13.74
345,228.wav,0,Thật,3.16
346,229.wav,0,Thật,3.84
347,23.wav,0,Thật,2.47
348,230.wav,0,Thật,2.47
349,231.wav,0,Thật,12.37
350,232.wav,0,Thật,3.84
351,233.wav,0,Thật,2.82
352,234.wav,0,Thật,1.37
353,235.wav,0,Thật,5.03
354,236.wav,0,Thật,2.9
355,237.wav,0,Thật,4.69
356,238.wav,0,Thật,5.55
357,239.wav,0,Thật,2.9
358,24.wav,0,Thật,3.41
359,240.wav,0,Thật,1.45
360,241.wav,0,Thật,8.36
361,242.wav,0,Thật,17.49
362,243.wav,0,Thật,3.75
363,244.wav,0,Thật,1.71
364,245.wav,0,Thật,2.99
365,246.wav,0,Thật,3.33
366,247.wav,0,Thật,7.42
367,248.wav,0,Thật,4.52
368,249.wav,0,Thật,13.14
369,25.wav,0,Thật,4.61
370,250.wav,0,Thật,1.11
371,251.wav,0,Thật,2.05
372,252.wav,0,Thật,3.16
373,253.wav,0,Thật,5.97
374,254.wav,0,Thật,5.12
375,255.wav,0,Thật,7.17
376,256.wav,0,Thật,2.65
377,257.wav,0,Thật,2.3
378,258.wav,0,Thật,4.52
379,259.wav,0,Thật,6.49
380,26.wav,0,Thật,7.59
381,260.wav,0,Thật,6.06
382,261.wav,0,Thật,5.63
383,262.wav,0,Thật,3.16
384,263.wav,0,Thật,1.71
385,264.wav,0,Thật,3.58
386,265.wav,0,Thật,1.54
387,266.wav,0,Thật,1.37
388,267.wav,0,Thật,3.07
389,268.wav,0,Thật,4.52
390,269.wav,0,Thật,10.24
391,27.wav,0,Thật,2.9
392,270.wav,0,Thật,6.83
393,271.wav,0,Thật,1.54
394,272.wav,0,Thật,7.59
395,273.wav,0,Thật,2.47
396,274.wav,0,Thật,1.02
397,275.wav,0,Thật,6.57
398,276.wav,0,Thật,2.65
399,277.wav,0,Thật,2.13
400,278.wav,0,Thật,4.35
401,279.wav,0,Thật,8.7
402,28.wav,0,Thật,4.1
403,280.wav,0,Thật,5.12
404,281.wav,0,Thật,3.24
405,282.wav,0,Thật,2.39
406,283.wav,0,Thật,8.19
407,284.wav,0,Thật,7.85
408,285.wav,0,Thật,1.79
409,286.wav,0,Thật,2.05
410,287.wav,0,Thật,1.62
411,288.wav,0,Thật,3.16
412,289.wav,0,Thật,6.4
413,29.wav,0,Thật,5.63
414,290.wav,0,Thật,9.22
415,291.wav,0,Thật,3.07
416,292.wav,0,Thật,3.93
417,293.wav,0,Thật,4.18
418,294.wav,0,Thật,5.38
419,295.wav,0,Thật,10.75
420,296.wav,0,Thật,2.65
421,297.wav,0,Thật,6.66
422,298.wav,0,Thật,9.9
423,299.wav,0,Thật,2.22
424,3.wav,0,Thật,2.73
425,30.wav,0,Thật,2.56
426,300.wav,0,Thật,6.14
427,301.wav,0,Thật,4.18
428,302.wav,0,Thật,3.93
429,303.wav,0,Thật,2.56
430,304.wav,0,Thật,7.68
431,305.wav,0,Thật,5.55
432,306.wav,0,Thật,1.02
433,307.wav,0,Thật,2.3
434,308.wav,0,Thật,1.71
435,309.wav,0,Thật,2.47
436,31.wav,0,Thật,3.5
437,310.wav,0,Thật,4.27
438,311.wav,0,Thật,2.47
439,312.wav,0,Thật,1.88
440,313.wav,0,Thật,4.01
441,314.wav,0,Thật,7.42
442,315.wav,0,Thật,2.39
443,316.wav,0,Thật,1.79
444,317.wav,0,Thật,9.39
445,318.wav,0,Thật,2.65
446,319.wav,0,Thật,2.22
447,32.wav,0,Thật,6.57
448,320.wav,0,Thật,7.0
449,321.wav,0,Thật,8.28
450,322.wav,0,Thật,7.59
451,323.wav,0,Thật,1.11
452,324.wav,0,Thật,4.69
453,325.wav,0,Thật,2.47
454,326.wav,0,Thật,5.12
455,327.wav,0,Thật,7.94
456,328.wav,0,Thật,1.19
457,329.wav,0,Thật,7.0
458,33.wav,0,Thật,3.75
459,330.wav,0,Thật,6.91
460,331.wav,0,Thật,3.5
461,332.wav,0,Thật,4.01
462,333.wav,0,Thật,1.88
463,334.wav,0,Thật,12.29
464,335.wav,0,Thật,1.88
465,336.wav,0,Thật,2.9
466,337.wav,0,Thật,6.23
467,338.wav,0,Thật,5.72
468,339.wav,0,Thật,2.65
469,34.wav,0,Thật,5.12
470,340.wav,0,Thật,7.0
471,341.wav,0,Thật,4.01
472,342.wav,0,Thật,3.33
473,343.wav,0,Thật,1.28
474,344.wav,0,Thật,7.59
475,345.wav,0,Thật,2.47
476,346.wav,0,Thật,1.62
477,347.wav,0,Thật,4.27
478,348.wav,0,Thật,1.19
479,349.wav,0,Thật,4.1
480,35.wav,0,Thật,3.41
481,350.wav,0,Thật,4.01
482,351.wav,0,Thật,1.79
483,352.wav,0,Thật,4.1
484,353.wav,0,Thật,2.82
485,354.wav,0,Thật,5.12
486,355.wav,0,Thật,4.1
487,356.wav,0,Thật,4.52
488,357.wav,0,Thật,2.65
489,358.wav,0,Thật,1.54
490,359.wav,0,Thật,1.96
491,36.wav,0,Thật,3.24
492,360.wav,0,Thật,4.35
493,361.wav,0,Thật,2.99
494,362.wav,0,Thật,1.45
495,363.wav,0,Thật,5.8
496,364.wav,0,Thật,2.05
497,365.wav,0,Thật,1.11
498,366.wav,0,Thật,1.11
499,367.wav,0,Thật,3.93
500,368.wav,0,Thật,1.88
501,369.wav,0,Thật,4.52
502,37.wav,0,Thật,5.55
503,370.wav,0,Thật,2.65
504,371.wav,0,Thật,4.27
505,372.wav,0,Thật,6.74
506,373.wav,0,Thật,7.08
507,374.wav,0,Thật,1.54
508,375.wav,0,Thật,4.95
509,376.wav,0,Thật,1.96
510,377.wav,0,Thật,5.03
511,378.wav,0,Thật,5.29
512,379.wav,0,Thật,7.08
513,38.wav,0,Thật,3.84
514,380.wav,0,Thật,5.12
515,381.wav,0,Thật,12.29
516,382.wav,0,Thật,1.45
517,383.wav,0,Thật,2.82
518,384.wav,0,Thật,7.08
519,385.wav,0,Thật,8.36
520,386.wav,0,Thật,3.5
521,387.wav,0,Thật,3.75
522,388.wav,0,Thật,2.13
523,389.wav,0,Thật,4.27
524,39.wav,0,Thật,2.82
525,390.wav,0,Thật,5.55
526,391.wav,0,Thật,5.38
527,392.wav,0,Thật,7.25
528,393.wav,0,Thật,8.87
529,394.wav,0,Thật,8.53
530,395.wav,0,Thật,1.54
531,396.wav,0,Thật,4.69
532,397.wav,0,Thật,7.34
533,398.wav,0,Thật,2.13
534,399.wav,0,Thật,5.8
535,4.wav,0,Thật,5.46
536,40.wav,0,Thật,6.66
537,400.wav,0,Thật,3.41
538,401.wav,0,Thật,3.93
539,402.wav,0,Thật,6.23
540,403.wav,0,Thật,5.97
541,404.wav,0,Thật,0.68
542,405.wav,0,Thật,8.02
543,406.wav,0,Thật,2.22
544,407.wav,0,Thật,8.45
545,408.wav,0,Thật,2.22
546,409.wav,0,Thật,2.73
547,41.wav,0,Thật,5.12
548,410.wav,0,Thật,7.77
549,411.wav,0,Thật,5.03
550,412.wav,0,Thật,4.01
551,413.wav,0,Thật,1.19
552,414.wav,0,Thật,1.45
553,415.wav,0,Thật,1.96
554,416.wav,0,Thật,7.17
555,417.wav,0,Thật,11.95
556,418.wav,0,Thật,3.93
557,419.wav,0,Thật,7.08
558,42.wav,0,Thật,2.9
559,420.wav,0,Thật,2.22
560,421.wav,0,Thật,1.28
561,422.wav,0,Thật,2.73
562,423.wav,0,Thật,4.69
563,424.wav,0,Thật,2.99
564,425.wav,0,Thật,2.3
565,426.wav,0,Thật,4.44
566,427.wav,0,Thật,1.96
567,428.wav,0,Thật,12.8
568,429.wav,0,Thật,1.28
569,43.wav,0,Thật,6.31
570,430.wav,0,Thật,1.11
571,431.wav,0,Thật,5.29
572,432.wav,0,Thật,3.67
573,433.wav,0,Thật,2.73
574,434.wav,0,Thật,2.73
575,435.wav,0,Thật,0.6
576,436.wav,0,Thật,4.95
577,437.wav,0,Thật,3.84
578,438.wav,0,Thật,5.8
579,439.wav,0,Thật,1.96
580,44.wav,0,Thật,6.66
581,440.wav,0,Thật,0.68
582,441.wav,0,Thật,0.85
583,442.wav,0,Thật,2.39
584,443.wav,0,Thật,1.62
585,444.wav,0,Thật,4.69
586,445.wav,0,Thật,6.83
587,446.wav,0,Thật,1.79
588,447.wav,0,Thật,4.61
589,448.wav,0,Thật,3.33
590,449.wav,0,Thật,7.68
591,45.wav,0,Thật,6.23
592,450.wav,0,Thật,1.45
593,451.wav,0,Thật,4.27
594,452.wav,0,Thật,2.99
595,453.wav,0,Thật,4.95
596,454.wav,0,Thật,3.58
597,455.wav,0,Thật,2.82
598,456.wav,0,Thật,1.71
599,457.wav,0,Thật,8.87
600,458.wav,0,Thật,3.75
601,459.wav,0,Thật,11.95
602,46.wav,0,Thật,4.52
603,460.wav,0,Thật,9.64
604,461.wav,0,Thật,5.03
605,462.wav,0,Thật,2.9
606,463.wav,0,Thật,1.88
607,464.wav,0,Thật,1.11
608,465.wav,0,Thật,0.77
609,466.wav,0,Thật,5.38
610,467.wav,0,Thật,3.16
611,468.wav,0,Thật,6.49
612,469.wav,0,Thật,5.29
613,47.wav,0,Thật,3.24
614,470.wav,0,Thật,4.69
615,471.wav,0,Thật,1.19
616,472.wav,0,Thật,2.47
617,473.wav,0,Thật,4.01
618,474.wav,0,Thật,6.4
619,475.wav,0,Thật,9.3
620,476.wav,0,Thật,8.79
621,477.wav,0,Thật,5.8
622,478.wav,0,Thật,2.05
623,479.wav,0,Thật,2.9
624,48.wav,0,Thật,2.13
625,480.wav,0,Thật,1.11
626,481.wav,0,Thật,6.83
627,482.wav,0,Thật,3.58
628,483.wav,0,Thật,1.96
629,484.wav,0,Thật,3.16
630,485.wav,0,Thật,2.82
631,486.wav,0,Thật,1.79
632,487.wav,0,Thật,5.38
633,488.wav,0,Thật,3.33
634,489.wav,0,Thật,11.18
635,49.wav,0,Thật,4.95
636,490.wav,0,Thật,4.78
637,491.wav,0,Thật,4.27
638,492.wav,0,Thật,6.66
639,493.wav,0,Thật,2.39
640,494.wav,0,Thật,1.37
641,495.wav,0,Thật,2.9
642,496.wav,0,Thật,2.9
643,497.wav,0,Thật,7.42
644,498.wav,0,Thật,3.41
645,499.wav,0,Thật,1.71
646,5.wav,0,Thật,2.56
647,50.wav,0,Thật,3.07
648,500.wav,0,Thật,4.78
649,501.wav,0,Thật,1.45
650,502.wav,0,Thật,3.33
651,503.wav,0,Thật,1.02
652,504.wav,0,Thật,1.19
653,505.wav,0,Thật,1.54
654,506.wav,0,Thật,1.62
655,507.wav,0,Thật,1.28
656,508.wav,0,Thật,2.13
657,509.wav,0,Thật,8.96
658,51.wav,0,Thật,2.13
659,510.wav,0,Thật,1.96
660,511.wav,0,Thật,1.28
661,512.wav,0,Thật,4.61
662,513.wav,0,Thật,2.39
663,514.wav,0,Thật,4.27
664,515.wav,0,Thật,1.54
665,516.wav,0,Thật,4.1
666,517.wav,0,Thật,2.05
667,518.wav,0,Thật,1.37
668,519.wav,0,Thật,9.98
669,52.wav,0,Thật,2.13
670,520.wav,0,Thật,11.26
671,521.wav,0,Thật,5.12
672,522.wav,0,Thật,5.12
673,523.wav,0,Thật,2.56
674,524.wav,0,Thật,1.54
675,525.wav,0,Thật,4.78
676,526.wav,0,Thật,0.94
677,527.wav,0,Thật,1.11
678,528.wav,0,Thật,1.71
679,529.wav,0,Thật,10.84
680,53.wav,0,Thật,2.56
681,530.wav,0,Thật,2.9
682,531.wav,0,Thật,7.94
683,532.wav,0,Thật,9.56
684,533.wav,0,Thật,11.78
685,534.wav,0,Thật,3.67
686,535.wav,0,Thật,3.5
687,536.wav,0,Thật,1.54
688,537.wav,0,Thật,0.68
689,538.wav,0,Thật,4.01
690,539.wav,0,Thật,2.05
691,54.wav,0,Thật,1.11
692,540.wav,0,Thật,1.02
693,541.wav,0,Thật,9.13
694,542.wav,0,Thật,6.74
695,543.wav,0,Thật,3.16
696,544.wav,0,Thật,4.86
697,545.wav,0,Thật,2.22
698,546.wav,0,Thật,6.4
699,547.wav,0,Thật,1.37
700,548.wav,0,Thật,2.22
701,549.wav,0,Thật,5.03
702,55.wav,0,Thật,3.07
703,550.wav,0,Thật,2.13
704,551.wav,0,Thật,2.65
705,552.wav,0,Thật,1.96
706,553.wav,0,Thật,3.84
707,554.wav,0,Thật,1.96
708,555.wav,0,Thật,2.22
709,556.wav,0,Thật,5.29
710,557.wav,0,Thật,2.56
711,558.wav,0,Thật,7.25
712,559.wav,0,Thật,1.02
713,56.wav,0,Thật,1.96
714,560.wav,0,Thật,5.21
715,561.wav,0,Thật,7.17
716,562.wav,0,Thật,2.65
717,563.wav,0,Thật,1.96
718,564.wav,0,Thật,5.46
719,565.wav,0,Thật,1.96
720,566.wav,0,Thật,1.54
721,567.wav,0,Thật,4.78
722,568.wav,0,Thật,1.02
723,569.wav,0,Thật,1.96
724,57.wav,0,Thật,1.37
725,570.wav,0,Thật,1.79
726,571.wav,0,Thật,8.02
727,572.wav,0,Thật,1.79
728,573.wav,0,Thật,2.39
729,574.wav,0,Thật,2.9
730,575.wav,0,Thật,1.28
731,576.wav,0,Thật,5.12
732,577.wav,0,Thật,2.05
733,578.wav,0,Thật,4.1
734,579.wav,0,Thật,6.91
735,58.wav,0,Thật,1.19
736,580.wav,0,Thật,2.9
737,581.wav,0,Thật,1.71
738,582.wav,0,Thật,2.47
739,583.wav,0,Thật,1.54
740,584.wav,0,Thật,13.57
741,585.wav,0,Thật,4.44
742,586.wav,0,Thật,3.93
743,587.wav,0,Thật,4.86
744,588.wav,0,Thật,1.02
745,589.wav,0,Thật,6.49
746,59.wav,0,Thật,4.18
747,590.wav,0,Thật,5.29
748,591.wav,0,Thật,10.58
749,592.wav,0,Thật,5.03
750,593.wav,0,Thật,2.82
751,594.wav,0,Thật,3.07
752,595.wav,0,Thật,4.1
753,596.wav,0,Thật,2.05
754,597.wav,0,Thật,2.13
755,598.wav,0,Thật,0.94
756,599.wav,0,Thật,3.33
757,6.wav,0,Thật,4.86
758,60.wav,0,Thật,4.52
759,600.wav,0,Thật,2.65
760,601.wav,0,Thật,2.9
761,602.wav,0,Thật,1.88
762,603.wav,0,Thật,8.28
763,604.wav,0,Thật,2.13
764,605.wav,0,Thật,4.01
765,606.wav,0,Thật,1.96
766,607.wav,0,Thật,1.02
767,608.wav,0,Thật,2.65
768,609.wav,0,Thật,3.41
769,61.wav,0,Thật,7.59
770,610.wav,0,Thật,7.25
771,611.wav,0,Thật,3.93
772,612.wav,0,Thật,4.1
773,613.wav,0,Thật,17.49
774,614.wav,0,Thật,7.17
775,615.wav,0,Thật,6.57
776,616.wav,0,Thật,1.96
777,617.wav,0,Thật,3.07
778,618.wav,0,Thật,2.99
779,619.wav,0,Thật,2.99
780,62.wav,0,Thật,2.9
781,620.wav,0,Thật,2.65
782,621.wav,0,Thật,0.77
783,622.wav,0,Thật,1.54
784,623.wav,0,Thật,13.74
785,624.wav,0,Thật,1.88
786,625.wav,0,Thật,1.96
787,626.wav,0,Thật,8.28
788,627.wav,0,Thật,9.47
789,628.wav,0,Thật,9.22
790,629.wav,0,Thật,2.73
791,63.wav,0,Thật,4.35
792,630.wav,0,Thật,1.79
793,631.wav,0,Thật,4.27
794,632.wav,0,Thật,5.38
795,633.wav,0,Thật,3.58
796,634.wav,0,Thật,2.13
797,635.wav,0,Thật,1.19
798,636.wav,0,Thật,2.3
799,637.wav,0,Thật,1.37
800,638.wav,0,Thật,1.88
801,639.wav,0,Thật,2.22
802,64.wav,0,Thật,6.83
803,640.wav,0,Thật,8.87
804,641.wav,0,Thật,6.31
805,642.wav,0,Thật,2.47
806,643.wav,0,Thật,9.05
807,644.wav,0,Thật,6.57
808,645.wav,0,Thật,4.18
809,646.wav,0,Thật,2.47
810,647.wav,0,Thật,1.71
811,648.wav,0,Thật,9.64
812,649.wav,0,Thật,1.45
813,65.wav,0,Thật,4.01
814,650.wav,0,Thật,9.3
815,651.wav,0,Thật,5.46
816,652.wav,0,Thật,3.24
817,653.wav,0,Thật,1.71
818,654.wav,0,Thật,1.79
819,655.wav,0,Thật,7.0
820,656.wav,0,Thật,1.45
821,657.wav,0,Thật,6.31
822,658.wav,0,Thật,7.08
823,659.wav,0,Thật,16.73
824,66.wav,0,Thật,1.71
825,660.wav,0,Thật,9.3
826,661.wav,0,Thật,4.44
827,662.wav,0,Thật,4.86
828,663.wav,0,Thật,0.77
829,664.wav,0,Thật,2.47
830,665.wav,0,Thật,2.9
831,666.wav,0,Thật,1.96
832,667.wav,0,Thật,3.84
833,668.wav,0,Thật,4.27
834,669.wav,0,Thật,2.22
835,67.wav,0,Thật,3.5
836,670.wav,0,Thật,1.88
837,671.wav,0,Thật,7.25
838,672.wav,0,Thật,1.96
839,673.wav,0,Thật,8.7
840,674.wav,0,Thật,1.02
841,675.wav,0,Thật,2.9
842,676.wav,0,Thật,7.25
843,677.wav,0,Thật,1.71
844,678.wav,0,Thật,8.7
845,679.wav,0,Thật,2.73
846,68.wav,0,Thật,5.29
847,680.wav,0,Thật,2.82
848,681.wav,0,Thật,1.88
849,682.wav,0,Thật,3.67
850,683.wav,0,Thật,8.96
851,684.wav,0,Thật,10.58
852,685.wav,0,Thật,4.35
853,686.wav,0,Thật,8.87
854,687.wav,0,Thật,1.62
855,688.wav,0,Thật,4.69
856,689.wav,0,Thật,10.67
857,69.wav,0,Thật,4.95
858,690.wav,0,Thật,7.34
859,691.wav,0,Thật,3.41
860,692.wav,0,Thật,6.23
861,693.wav,0,Thật,1.96
862,694.wav,0,Thật,1.96
863,695.wav,0,Thật,3.24
864,696.wav,0,Thật,1.79
865,697.wav,0,Thật,2.82
866,698.wav,0,Thật,8.87
867,699.wav,0,Thật,13.31
868,7.wav,0,Thật,4.01
869,70.wav,0,Thật,3.84
870,700.wav,0,Thật,4.27
871,701.wav,0,Thật,4.35
872,702.wav,0,Thật,13.06
873,703.wav,0,Thật,2.05
874,704.wav,0,Thật,2.47
875,705.wav,0,Thật,7.25
876,706.wav,0,Thật,2.65
877,707.wav,0,Thật,2.82
878,708.wav,0,Thật,11.43
879,709.wav,0,Thật,2.22
880,71.wav,0,Thật,7.77
881,710.wav,0,Thật,5.97
882,711.wav,0,Thật,0.85
883,712.wav,0,Thật,5.72
884,713.wav,0,Thật,1.45
885,714.wav,0,Thật,14.42
886,715.wav,0,Thật,6.14
887,716.wav,0,Thật,6.74
888,717.wav,0,Thật,4.35
889,718.wav,0,Thật,1.71
890,719.wav,0,Thật,3.5
891,720.wav,0,Thật,3.41
892,721.wav,0,Thật,3.58
893,722.wav,0,Thật,2.3
894,723.wav,0,Thật,1.19
895,724.wav,0,Thật,1.88
896,725.wav,0,Thật,0.6
897,726.wav,0,Thật,2.05
898,727.wav,0,Thật,0.94
899,728.wav,0,Thật,7.59
900,729.wav,0,Thật,1.88
901,73.wav,0,Thật,3.41
902,730.wav,0,Thật,5.72
903,731.wav,0,Thật,0.94
904,732.wav,0,Thật,4.52
905,733.wav,0,Thật,2.3
906,734.wav,0,Thật,4.27
907,735.wav,0,Thật,1.79
908,736.wav,0,Thật,2.65
909,737.wav,0,Thật,2.73
910,738.wav,0,Thật,3.5
911,739.wav,0,Thật,5.21
912,74.wav,0,Thật,4.86
913,740.wav,0,Thật,4.61
914,741.wav,0,Thật,2.3
915,742.wav,0,Thật,3.84
916,743.wav,0,Thật,5.89
917,744.wav,0,Thật,1.96
918,745.wav,0,Thật,1.28
919,746.wav,0,Thật,3.16
920,747.wav,0,Thật,2.82
921,748.wav,0,Thật,3.16
922,749.wav,0,Thật,7.34
923,75.wav,0,Thật,5.38
924,750.wav,0,Thật,3.75
925,751.wav,0,Thật,7.34
926,752.wav,0,Thật,4.69
927,753.wav,0,Thật,11.09
928,754.wav,0,Thật,1.19
929,755.wav,0,Thật,2.73
930,756.wav,0,Thật,1.37
931,757.wav,0,Thật,4.1
932,758.wav,0,Thật,4.95
933,759.wav,0,Thật,9.98
934,76.wav,0,Thật,3.58
935,760.wav,0,Thật,6.31
936,761.wav,0,Thật,1.11
937,762.wav,0,Thật,1.71
938,763.wav,0,Thật,1.37
939,764.wav,0,Thật,7.08
940,765.wav,0,Thật,2.22
941,766.wav,0,Thật,7.77
942,767.wav,0,Thật,4.86
943,768.wav,0,Thật,2.9
944,769.wav,0,Thật,2.05
945,77.wav,0,Thật,2.39
946,770.wav,0,Thật,6.91
947,771.wav,0,Thật,4.27
948,772.wav,0,Thật,3.93
949,773.wav,0,Thật,1.28
950,774.wav,0,Thật,4.44
951,775.wav,0,Thật,4.27
952,776.wav,0,Thật,4.78
953,777.wav,0,Thật,1.79
954,778.wav,0,Thật,1.79
955,779.wav,0,Thật,4.52
956,78.wav,0,Thật,2.99
957,780.wav,0,Thật,1.28
958,781.wav,0,Thật,1.62
959,782.wav,0,Thật,3.75
960,783.wav,0,Thật,2.65
961,784.wav,0,Thật,1.79
962,785.wav,0,Thật,4.01
963,786.wav,0,Thật,4.52
964,787.wav,0,Thật,13.4
965,788.wav,0,Thật,8.87
966,789.wav,0,Thật,2.65
967,79.wav,0,Thật,2.3
968,790.wav,0,Thật,6.74
969,791.wav,0,Thật,1.62
970,792.wav,0,Thật,5.46
971,793.wav,0,Thật,4.44
972,794.wav,0,Thật,2.9
973,795.wav,0,Thật,2.73
974,796.wav,0,Thật,7.51
975,797.wav,0,Thật,4.61
976,798.wav,0,Thật,4.52
977,799.wav,0,Thật,6.74
978,8.wav,0,Thật,3.75
979,80.wav,0,Thật,2.47
980,800.wav,0,Thật,1.88
981,801.wav,0,Thật,3.33
982,802.wav,0,Thật,1.11
983,803.wav,0,Thật,2.65
984,804.wav,0,Thật,5.55
985,805.wav,0,Thật,3.84
986,806.wav,0,Thật,6.66
987,807.wav,0,Thật,2.65
988,808.wav,0,Thật,4.27
989,809.wav,0,Thật,2.56
990,81.wav,0,Thật,3.24
991,810.wav,0,Thật,3.93
992,811.wav,0,Thật,1.11
993,812.wav,0,Thật,1.37
994,813.wav,0,Thật,6.14
995,814.wav,0,Thật,4.01
996,815.wav,0,Thật,7.08
997,816.wav,0,Thật,9.39
998,817.wav,0,Thật,9.64
999,818.wav,0,Thật,3.67
1000,819.wav,0,Thật,3.16
1001,82.wav,0,Thật,4.1
1002,820.wav,0,Thật,0.77
1003,821.wav,0,Thật,10.75
1004,822.wav,0,Thật,6.91
1005,823.wav,0,Thật,3.58
1006,824.wav,0,Thật,5.72
1007,825.wav,0,Thật,4.86
1008,826.wav,0,Thật,7.08
1009,827.wav,0,Thật,5.89
1010,828.wav,0,Thật,6.66
1011,829.wav,0,Thật,1.71
1012,83.wav,0,Thật,2.99
1013,830.wav,0,Thật,3.84
1014,831.wav,0,Thật,2.65
1015,832.wav,0,Thật,5.21
1016,833.wav,0,Thật,4.86
1017,834.wav,0,Thật,1.19
1018,835.wav,0,Thật,0.94
1019,836.wav,0,Thật,3.75
1020,837.wav,0,Thật,9.64
1021,838.wav,0,Thật,5.46
1022,839.wav,0,Thật,5.72
1023,84.wav,0,Thật,3.41
1024,840.wav,0,Thật,2.05
1025,841.wav,0,Thật,4.78
1026,842.wav,0,Thật,2.3
1027,843.wav,0,Thật,1.45
1028,844.wav,0,Thật,3.07
1029,845.wav,0,Thật,3.24
1030,846.wav,0,Thật,1.02
1031,847.wav,0,Thật,2.05
1032,848.wav,0,Thật,8.11
1033,849.wav,0,Thật,3.5
1034,85.wav,0,Thật,3.33
1035,850.wav,0,Thật,2.65
1036,851.wav,0,Thật,5.21
1037,852.wav,0,Thật,5.72
1038,853.wav,0,Thật,8.53
1039,854.wav,0,Thật,9.39
1040,855.wav,0,Thật,4.35
1041,856.wav,0,Thật,0.77
1042,857.wav,0,Thật,5.63
1043,858.wav,0,Thật,3.75
1044,859.wav,0,Thật,4.35
1045,86.wav,0,Thật,2.3
1046,860.wav,0,Thật,1.28
1047,861.wav,0,Thật,7.59
1048,862.wav,0,Thật,4.27
1049,863.wav,0,Thật,1.28
1050,864.wav,0,Thật,0.77
1051,865.wav,0,Thật,1.88
1052,866.wav,0,Thật,8.28
1053,867.wav,0,Thật,1.37
1054,868.wav,0,Thật,5.38
1055,869.wav,0,Thật,3.16
1056,87.wav,0,Thật,2.73
1057,870.wav,0,Thật,2.73
1058,871.wav,0,Thật,5.63
1059,872.wav,0,Thật,4.61
1060,873.wav,0,Thật,0.6
1061,874.wav,0,Thật,2.3
1062,875.wav,0,Thật,1.54
1063,876.wav,0,Thật,11.69
1064,877.wav,0,Thật,2.65
1065,878.wav,0,Thật,4.61
1066,879.wav,0,Thật,3.07
1067,88.wav,0,Thật,5.89
1068,880.wav,0,Thật,3.84
1069,881.wav,0,Thật,4.78
1070,882.wav,0,Thật,2.22
1071,883.wav,0,Thật,1.54
1072,884.wav,0,Thật,7.17
1073,885.wav,0,Thật,6.31
1074,886.wav,0,Thật,1.71
1075,887.wav,0,Thật,1.19
1076,888.wav,0,Thật,7.77
1077,889.wav,0,Thật,2.22
1078,89.wav,0,Thật,2.99
1079,890.wav,0,Thật,1.62
1080,891.wav,0,Thật,4.01
1081,892.wav,0,Thật,11.43
1082,893.wav,0,Thật,2.56
1083,894.wav,0,Thật,6.66
1084,895.wav,0,Thật,8.53
1085,896.wav,0,Thật,4.95
1086,897.wav,0,Thật,1.45
1087,898.wav,0,Thật,0.94
1088,899.wav,0,Thật,2.3
1089,9.wav,0,Thật,2.05
1090,90.wav,0,Thật,4.95
1091,900.wav,0,Thật,2.39
1092,901.wav,0,Thật,1.79
1093,902.wav,0,Thật,0.77
1094,903.wav,0,Thật,2.39
1095,904.wav,0,Thật,1.88
1096,905.wav,0,Thật,6.66
1097,906.wav,0,Thật,2.13
1098,907.wav,0,Thật,4.86
1099,908.wav,0,Thật,7.85
1100,909.wav,0,Thật,3.16
1101,91.wav,0,Thật,3.67
1102,910.wav,0,Thật,2.39
1103,911.wav,0,Thật,4.95
1104,912.wav,0,Thật,9.73
1105,913.wav,0,Thật,1.37
1106,914.wav,0,Thật,5.63
1107,915.wav,0,Thật,4.35
1108,916.wav,0,Thật,10.24
1109,917.wav,0,Thật,2.3
1110,918.wav,0,Thật,3.93
1111,919.wav,0,Thật,8.11
1112,92.wav,0,Thật,6.31
1113,920.wav,0,Thật,1.79
1114,921.wav,0,Thật,2.56
1115,922.wav,0,Thật,2.9
1116,923.wav,0,Thật,2.9
1117,924.wav,0,Thật,7.08
1118,925.wav,0,Thật,3.84
1119,926.wav,0,Thật,6.31
1120,927.wav,0,Thật,2.47
1121,928.wav,0,Thật,7.17
1122,929.wav,0,Thật,3.75
1123,93.wav,0,Thật,4.52
1124,930.wav,0,Thật,2.3
1125,931.wav,0,Thật,8.53
1126,932.wav,0,Thật,1.62
1127,933.wav,0,Thật,6.66
1128,934.wav,0,Thật,1.79
1129,935.wav,0,Thật,1.37
1130,936.wav,0,Thật,7.08
1131,937.wav,0,Thật,3.93
1132,938.wav,0,Thật,2.22
1133,939.wav,0,Thật,1.11
1134,94.wav,0,Thật,6.83
1135,940.wav,0,Thật,7.08
1136,941.wav,0,Thật,3.93
1137,942.wav,0,Thật,1.02
1138,943.wav,0,Thật,4.44
1139,944.wav,0,Thật,9.13
1140,945.wav,0,Thật,5.29
1141,946.wav,0,Thật,5.12
1142,947.wav,0,Thật,3.24
1143,948.wav,0,Thật,7.0
1144,949.wav,0,Thật,4.01
1145,95.wav,0,Thật,2.82
1146,950.wav,0,Thật,3.75
1147,951.wav,0,Thật,7.42
1148,952.wav,0,Thật,2.05
1149,953.wav,0,Thật,2.73
1150,954.wav,0,Thật,5.38
1151,955.wav,0,Thật,7.42
1152,956.wav,0,Thật,3.58
1153,957.wav,0,Thật,7.34
1154,958.wav,0,Thật,2.65
1155,959.wav,0,Thật,6.23
1156,96.wav,0,Thật,6.49
1157,960.wav,0,Thật,3.67
1158,961.wav,0,Thật,2.22
1159,962.wav,0,Thật,5.38
1160,963.wav,0,Thật,2.05
1161,964.wav,0,Thật,1.11
1162,965.wav,0,Thật,0.94
1163,966.wav,0,Thật,1.54
1164,967.wav,0,Thật,3.84
1165,968.wav,0,Thật,2.65
1166,969.wav,0,Thật,3.33
1167,97.wav,0,Thật,2.73
1168,970.wav,0,Thật,2.22
1169,971.wav,0,Thật,1.79
1170,972.wav,0,Thật,1.88
1171,973.wav,0,Thật,3.84
1172,974.wav,0,Thật,2.99
1173,975.wav,0,Thật,5.03
1174,976.wav,0,Thật,4.01
1175,977.wav,0,Thật,11.95
1176,978.wav,0,Thật,0.6
1177,979.wav,0,Thật,1.28
1178,98.wav,0,Thật,5.29
1179,980.wav,0,Thật,1.28
1180,981.wav,0,Thật,4.01
1181,982.wav,0,Thật,6.23
1182,983.wav,0,Thật,1.19
1183,984.wav,0,Thật,2.13
1184,985.wav,0,Thật,9.9
1185,986.wav,0,Thật,2.3
1186,987.wav,0,Thật,4.78
1187,988.wav,0,Thật,4.69
1188,989.wav,0,Thật,1.28
1189,99.wav,0,Thật,4.35
1190,990.wav,0,Thật,6.23
1191,991.wav,0,Thật,6.57
1192,992.wav,0,Thật,2.9
1193,993.wav,0,Thật,1.37
1194,994.wav,0,Thật,1.37
1195,995.wav,0,Thật,4.35
1196,996.wav,0,Thật,7.59
1197,997.wav,0,Thật,4.44
1198,998.wav,0,Thật,2.22
1199,999.wav,0,Thật,8.87
1200,1.wav,1,Giả mạo,4.98
1201,10.wav,1,Giả mạo,5.22
1202,100.wav,1,Giả mạo,3.55
1203,1000.wav,1,Giả mạo,4.41
1204,1001.wav,1,Giả mạo,3.89
1205,1002.wav,1,Giả mạo,5.18
1206,1003.wav,1,Giả mạo,6.08
1207,1004.wav,1,Giả mạo,3.76
1208,1005.wav,1,Giả mạo,5.62
1209,1006.wav,1,Giả mạo,5.31
1210,1007.wav,1,Giả mạo,2.82
1211,1008.wav,1,Giả mạo,3.38
1212,1009.wav,1,Giả mạo,2.96
1213,101.wav,1,Giả mạo,7.82
1214,1010.wav,1,Giả mạo,3.38
1215,1011.wav,1,Giả mạo,3.73
1216,1012.wav,1,Giả mạo,3.25
1217,1013.wav,1,Giả mạo,3.42
1218,1014.wav,1,Giả mạo,4.02
1219,1015.wav,1,Giả mạo,6.18
1220,1016.wav,1,Giả mạo,4.11
1221,1017.wav,1,Giả mạo,4.41
1222,1018.wav,1,Giả mạo,6.72
1223,1019.wav,1,Giả mạo,4.41
1224,102.wav,1,Giả mạo,4.23
1225,1020.wav,1,Giả mạo,4.38
1226,1021.wav,1,Giả mạo,4.11
1227,1022.wav,1,Giả mạo,7.08
1228,1023.wav,1,Giả mạo,5.4
1229,1024.wav,1,Giả mạo,7.16
1230,1025.wav,1,Giả mạo,4.92
1231,1026.wav,1,Giả mạo,5.54
1232,1027.wav,1,Giả mạo,4.84
1233,1028.wav,1,Giả mạo,4.97
1234,1029.wav,1,Giả mạo,3.48
1235,103.wav,1,Giả mạo,4.15
1236,1030.wav,1,Giả mạo,3.73
1237,1031.wav,1,Giả mạo,3.48
1238,1032.wav,1,Giả mạo,4.27
1239,1033.wav,1,Giả mạo,4.48
1240,1034.wav,1,Giả mạo,4.01
1241,1035.wav,1,Giả mạo,4.63
1242,1036.wav,1,Giả mạo,4.48
1243,1037.wav,1,Giả mạo,4.23
1244,1038.wav,1,Giả mạo,3.98
1245,1039.wav,1,Giả mạo,6.25
1246,1039.wav,1,Giả mạo,4.9
1247,104.wav,1,Giả mạo,4.13
1248,1040.wav,1,Giả mạo,4.75
1249,1041.wav,1,Giả mạo,5.04
1250,1042.wav,1,Giả mạo,6.9
1251,1043.wav,1,Giả mạo,6.56
1252,1044.wav,1,Giả mạo,6.33
1253,1045.wav,1,Giả mạo,6.43
1254,1046.wav,1,Giả mạo,7.24
1255,1047.wav,1,Giả mạo,8.14
1256,1048.wav,1,Giả mạo,6.46
1257,1049.wav,1,Giả mạo,5.94
1258,105.wav,1,Giả mạo,3.99
1259,1050.wav,1,Giả mạo,6.4
1260,1051.wav,1,Giả mạo,7.03
1261,1052.wav,1,Giả mạo,6.41
1262,1053.wav,1,Giả mạo,7.33
1263,1054.wav,1,Giả mạo,7.5
1264,1055.wav,1,Giả mạo,4.81
1265,1056.wav,1,Giả mạo,5.24
1266,1057.wav,1,Giả mạo,5.29
1267,1058.wav,1,Giả mạo,5.13
1268,1059.wav,1,Giả mạo,5.26
1269,106.wav,1,Giả mạo,3.89
1270,1060.wav,1,Giả mạo,5.06
1271,1061.wav,1,Giả mạo,2.92
1272,1062.wav,1,Giả mạo,6.6
1273,1063.wav,1,Giả mạo,6.54
1274,1064.wav,1,Giả mạo,6.35
1275,1065.wav,1,Giả mạo,5.96
1276,1066.wav,1,Giả mạo,5.63
1277,1067.wav,1,Giả mạo,5.65
1278,1068.wav,1,Giả mạo,5.29
1279,1069.wav,1,Giả mạo,6.1
1280,107.wav,1,Giả mạo,3.91
1281,1070.wav,1,Giả mạo,5.89
1282,1071.wav,1,Giả mạo,6.81
1283,1072.wav,1,Giả mạo,7.83
1284,1073.wav,1,Giả mạo,4.37
1285,1074.wav,1,Giả mạo,4.61
1286,1075.wav,1,Giả mạo,5.39
1287,1076.wav,1,Giả mạo,4.7
1288,1077.wav,1,Giả mạo,5.5
1289,1078.wav,1,Giả mạo,5.83
1290,1079.wav,1,Giả mạo,6.9
1291,108.wav,1,Giả mạo,3.65
1292,1080.wav,1,Giả mạo,8.41
1293,1081.wav,1,Giả mạo,6.65
1294,1082.wav,1,Giả mạo,6.16
1295,1083.wav,1,Giả mạo,6.16
1296,1084.wav,1,Giả mạo,6.25
1297,1085.wav,1,Giả mạo,4.69
1298,1086.wav,1,Giả mạo,4.13
1299,1087.wav,1,Giả mạo,3.1
1300,1088.wav,1,Giả mạo,4.99
1301,1089.wav,1,Giả mạo,5.4
1302,109.wav,1,Giả mạo,4.3
1303,1090.wav,1,Giả mạo,4.73
1304,1091.wav,1,Giả mạo,4.15
1305,1092.wav,1,Giả mạo,5.69
1306,1093.wav,1,Giả mạo,5.76
1307,1094.wav,1,Giả mạo,5.42
1308,1095.wav,1,Giả mạo,3.99
1309,1096.wav,1,Giả mạo,8.67
1310,1097.wav,1,Giả mạo,4.92
1311,1098.wav,1,Giả mạo,5.43
1312,1099.wav,1,Giả mạo,4.73
1313,11.wav,1,Giả mạo,5.33
1314,110.wav,1,Giả mạo,3.7
1315,1100.wav,1,Giả mạo,5.11
1316,1101.wav,1,Giả mạo,6.4
1317,1102.wav,1,Giả mạo,5.51
1318,1103.wav,1,Giả mạo,5.19
1319,1104.wav,1,Giả mạo,3.63
1320,1105.wav,1,Giả mạo,2.92
1321,1106.wav,1,Giả mạo,5.07
1322,1107.wav,1,Giả mạo,4.97
1323,1108.wav,1,Giả mạo,2.11
1324,1109.wav,1,Giả mạo,6.43
1325,111.wav,1,Giả mạo,4.13
1326,1110.wav,1,Giả mạo,2.38
1327,1111.wav,1,Giả mạo,5.23
1328,1112.wav,1,Giả mạo,4.1
1329,1113.wav,1,Giả mạo,5.88
1330,1114.wav,1,Giả mạo,4.67
1331,1115.wav,1,Giả mạo,3.23
1332,1116.wav,1,Giả mạo,4.08
1333,1117.wav,1,Giả mạo,3.07
1334,1118.wav,1,Giả mạo,3.47
1335,1119.wav,1,Giả mạo,2.82
1336,112.wav,1,Giả mạo,4.01
1337,1120.wav,1,Giả mạo,4.22
1338,1121.wav,1,Giả mạo,4.61
1339,1122.wav,1,Giả mạo,4.78
1340,1123.wav,1,Giả mạo,4.78
1341,1124.wav,1,Giả mạo,5.25
1342,1125.wav,1,Giả mạo,3.88
1343,1126.wav,1,Giả mạo,5.18
1344,1127.wav,1,Giả mạo,4.94
1345,1128.wav,1,Giả mạo,11.47
1346,1129.wav,1,Giả mạo,4.92
1347,113.wav,1,Giả mạo,3.94
1348,1130.wav,1,Giả mạo,2.64
1349,1131.wav,1,Giả mạo,4.25
1350,1132.wav,1,Giả mạo,4.38
1351,1133.wav,1,Giả mạo,5.23
1352,1134.wav,1,Giả mạo,5.4
1353,1135.wav,1,Giả mạo,3.94
1354,1136.wav,1,Giả mạo,5.11
1355,1137.wav,1,Giả mạo,5.52
1356,1138.wav,1,Giả mạo,6.06
1357,1139.wav,1,Giả mạo,7.02
1358,114.wav,1,Giả mạo,2.95
1359,1140.wav,1,Giả mạo,6.2
1360,1141.wav,1,Giả mạo,4.59
1361,1142.wav,1,Giả mạo,4.54
1362,1143.wav,1,Giả mạo,5.04
1363,1144.wav,1,Giả mạo,4.3
1364,1145.wav,1,Giả mạo,6.1
1365,1146.wav,1,Giả mạo,5.98
1366,1147.wav,1,Giả mạo,5.09
1367,1148.wav,1,Giả mạo,5.23
1368,1149.wav,1,Giả mạo,5.88
1369,115.wav,1,Giả mạo,2.95
1370,1150.wav,1,Giả mạo,6.05
1371,1151.wav,1,Giả mạo,4.63
1372,1152.wav,1,Giả mạo,3.82
1373,1153.wav,1,Giả mạo,4.42
1374,1154.wav,1,Giả mạo,5.04
1375,1155.wav,1,Giả mạo,5.52
1376,1156.wav,1,Giả mạo,5.09
1377,1157.wav,1,Giả mạo,5.57
1378,1158.wav,1,Giả mạo,5.39
1379,1159.wav,1,Giả mạo,5.09
1380,116.wav,1,Giả mạo,3.41
1381,1160.wav,1,Giả mạo,5.35
1382,1161.wav,1,Giả mạo,5.35
1383,1162.wav,1,Giả mạo,4.06
1384,1163.wav,1,Giả mạo,4.03
1385,1164.wav,1,Giả mạo,5.4
1386,1165.wav,1,Giả mạo,5.4
1387,1166.wav,1,Giả mạo,4.95
1388,1167.wav,1,Giả mạo,4.8
1389,1168.wav,1,Giả mạo,5.26
1390,1169.wav,1,Giả mạo,4.61
1391,117.wav,1,Giả mạo,3.11
1392,1170.wav,1,Giả mạo,4.44
1393,1171.wav,1,Giả mạo,4.37
1394,1172.wav,1,Giả mạo,4.37
1395,1173.wav,1,Giả mạo,3.0
1396,1174.wav,1,Giả mạo,3.0
1397,1175.wav,1,Giả mạo,3.63
1398,1176.wav,1,Giả mạo,3.63
1399,1177.wav,1,Giả mạo,3.07
1400,1178.wav,1,Giả mạo,3.7
1401,1179.wav,1,Giả mạo,3.07
1402,118.wav,1,Giả mạo,3.59
1403,1180.wav,1,Giả mạo,3.07
1404,1181.wav,1,Giả mạo,2.9
1405,1182.wav,1,Giả mạo,3.07
1406,1183.wav,1,Giả mạo,3.41
1407,1184.wav,1,Giả mạo,3.39
1408,1185.wav,1,Giả mạo,3.12
1409,1186.wav,1,Giả mạo,3.12
1410,1187.wav,1,Giả mạo,4.27
1411,1188.wav,1,Giả mạo,4.27
1412,1189.wav,1,Giả mạo,4.25
1413,119.wav,1,Giả mạo,3.91
1414,1190.wav,1,Giả mạo,4.27
1415,1191.wav,1,Giả mạo,4.27
1416,1192.wav,1,Giả mạo,4.27
1417,1193.wav,1,Giả mạo,4.27
1418,1194.wav,1,Giả mạo,4.27
1419,1195.wav,1,Giả mạo,5.59
1420,1196.wav,1,Giả mạo,3.99
1421,1197.wav,1,Giả mạo,4.27
1422,1198.wav,1,Giả mạo,4.25
1423,1199.wav,1,Giả mạo,3.75
1424,12.wav,1,Giả mạo,5.02
1425,120.wav,1,Giả mạo,3.5
1426,1200.wav,1,Giả mạo,5.11
1427,121.wav,1,Giả mạo,2.82
1428,122.wav,1,Giả mạo,3.35
1429,123.wav,1,Giả mạo,3.58
1430,124.wav,1,Giả mạo,3.67
1431,125.wav,1,Giả mạo,3.13
1432,126.wav,1,Giả mạo,3.86
1433,127.wav,1,Giả mạo,3.15
1434,128.wav,1,Giả mạo,2.98
1435,129.wav,1,Giả mạo,3.62
1436,13.wav,1,Giả mạo,5.7
1437,130.wav,1,Giả mạo,3.41
1438,131.wav,1,Giả mạo,3.21
1439,132.wav,1,Giả mạo,3.19
1440,133.wav,1,Giả mạo,3.1
1441,134.wav,1,Giả mạo,3.25
1442,135.wav,1,Giả mạo,3.25
1443,136.wav,1,Giả mạo,3.08
1444,137.wav,1,Giả mạo,3.27
1445,138.wav,1,Giả mạo,3.37
1446,139.wav,1,Giả mạo,3.39
1447,14.wav,1,Giả mạo,4.79
1448,140.wav,1,Giả mạo,3.45
1449,141.wav,1,Giả mạo,3.39
1450,142.wav,1,Giả mạo,3.04
1451,143.wav,1,Giả mạo,3.27
1452,144.wav,1,Giả mạo,3.33
1453,145.wav,1,Giả mạo,3.59
1454,146.wav,1,Giả mạo,3.27
1455,147.wav,1,Giả mạo,3.09
1456,148.wav,1,Giả mạo,3.09
1457,149.wav,1,Giả mạo,3.36
1458,15.wav,1,Giả mạo,5.31
1459,150.wav,1,Giả mạo,4.51
1460,151.wav,1,Giả mạo,5.35
1461,152.wav,1,Giả mạo,4.78
1462,153.wav,1,Giả mạo,4.56
1463,154.wav,1,Giả mạo,4.49
1464,155.wav,1,Giả mạo,4.43
1465,156.wav,1,Giả mạo,4.42
1466,157.wav,1,Giả mạo,3.92
1467,158.wav,1,Giả mạo,4.16
1468,159.wav,1,Giả mạo,4.31
1469,16.wav,1,Giả mạo,5.48
1470,160.wav,1,Giả mạo,3.75
1471,161.wav,1,Giả mạo,3.75
1472,162.wav,1,Giả mạo,4.68
1473,163.wav,1,Giả mạo,4.32
1474,164.wav,1,Giả mạo,4.18
1475,165.wav,1,Giả mạo,4.17
1476,166.wav,1,Giả mạo,4.39
1477,167.wav,1,Giả mạo,4.0
1478,168.wav,1,Giả mạo,3.69
1479,169.wav,1,Giả mạo,4.14
1480,17.wav,1,Giả mạo,5.83
1481,170.wav,1,Giả mạo,3.81
1482,171.wav,1,Giả mạo,5.37
1483,172.wav,1,Giả mạo,3.99
1484,173.wav,1,Giả mạo,4.33
1485,174.wav,1,Giả mạo,3.96
1486,175.wav,1,Giả mạo,3.93
1487,176.wav,1,Giả mạo,3.68
1488,177.wav,1,Giả mạo,4.36
1489,178.wav,1,Giả mạo,3.83
1490,179.wav,1,Giả mạo,3.97
1491,18.wav,1,Giả mạo,5.48
1492,180.wav,1,Giả mạo,3.51
1493,181.wav,1,Giả mạo,3.93
1494,182.wav,1,Giả mạo,4.04
1495,183.wav,1,Giả mạo,3.74
1496,184.wav,1,Giả mạo,4.24
1497,185.wav,1,Giả mạo,4.56
1498,186.wav,1,Giả mạo,3.75
1499,187.wav,1,Giả mạo,3.53
1500,188.wav,1,Giả mạo,4.0
1501,189.wav,1,Giả mạo,3.88
1502,19.wav,1,Giả mạo,5.14
1503,190.wav,1,Giả mạo,3.54
1504,191.wav,1,Giả mạo,3.64
1505,192.wav,1,Giả mạo,4.17
1506,193.wav,1,Giả mạo,3.99
1507,194.wav,1,Giả mạo,3.87
1508,195.wav,1,Giả mạo,3.42
1509,196.wav,1,Giả mạo,3.86
1510,197.wav,1,Giả mạo,3.12
1511,198.wav,1,Giả mạo,3.44
1512,199.wav,1,Giả mạo,4.22
1513,2.wav,1,Giả mạo,4.92
1514,20.wav,1,Giả mạo,5.1
1515,200.wav,1,Giả mạo,4.1
1516,201.wav,1,Giả mạo,4.08
1517,202.wav,1,Giả mạo,3.92
1518,203.wav,1,Giả mạo,4.16
1519,204.wav,1,Giả mạo,3.55
1520,205.wav,1,Giả mạo,3.78
1521,206.wav,1,Giả mạo,3.59
1522,207.wav,1,Giả mạo,3.68
1523,208.wav,1,Giả mạo,3.87
1524,209.wav,1,Giả mạo,3.38
1525,21.wav,1,Giả mạo,4.73
1526,210.wav,1,Giả mạo,3.06
1527,211.wav,1,Giả mạo,4.32
1528,212.wav,1,Giả mạo,4.47
1529,213.wav,1,Giả mạo,3.81
1530,214.wav,1,Giả mạo,3.67
1531,215.wav,1,Giả mạo,3.85
1532,216.wav,1,Giả mạo,3.74
1533,217.wav,1,Giả mạo,3.41
1534,218.wav,1,Giả mạo,3.56
1535,219.wav,1,Giả mạo,3.27
1536,22.wav,1,Giả mạo,4.54
1537,220.wav,1,Giả mạo,3.67
1538,221.wav,1,Giả mạo,2.86
1539,222.wav,1,Giả mạo,4.33
1540,223.wav,1,Giả mạo,4.46
1541,224.wav,1,Giả mạo,3.38
1542,225.wav,1,Giả mạo,3.47
1543,226.wav,1,Giả mạo,3.73
1544,227.wav,1,Giả mạo,3.6
1545,228.wav,1,Giả mạo,5.18
1546,229.wav,1,Giả mạo,4.14
1547,23.wav,1,Giả mạo,4.46
1548,230.wav,1,Giả mạo,3.63
1549,231.wav,1,Giả mạo,3.55
1550,232.wav,1,Giả mạo,3.12
1551,233.wav,1,Giả mạo,3.55
1552,234.wav,1,Giả mạo,3.25
1553,235.wav,1,Giả mạo,3.25
1554,236.wav,1,Giả mạo,3.42
1555,237.wav,1,Giả mạo,4.33
1556,238.wav,1,Giả mạo,3.12
1557,239.wav,1,Giả mạo,3.12
1558,24.wav,1,Giả mạo,4.29
1559,240.wav,1,Giả mạo,3.85
1560,241.wav,1,Giả mạo,3.25
1561,242.wav,1,Giả mạo,3.85
1562,243.wav,1,Giả mạo,3.04
1563,244.wav,1,Giả mạo,3.34
1564,245.wav,1,Giả mạo,3.51
1565,246.wav,1,Giả mạo,3.63
1566,247.wav,1,Giả mạo,3.73
1567,248.wav,1,Giả mạo,3.22
1568,249.wav,1,Giả mạo,4.46
1569,25.wav,1,Giả mạo,4.63
1570,250.wav,1,Giả mạo,4.67
1571,251.wav,1,Giả mạo,4.59
1572,252.wav,1,Giả mạo,3.94
1573,253.wav,1,Giả mạo,4.11
1574,254.wav,1,Giả mạo,4.41
1575,256.wav,1,Giả mạo,3.3
1576,257.wav,1,Giả mạo,4.02
1577,258.wav,1,Giả mạo,3.55
1578,259.wav,1,Giả mạo,4.02
1579,26.wav,1,Giả mạo,4.38
1580,260.wav,1,Giả mạo,4.02
1581,261.wav,1,Giả mạo,3.76
1582,262.wav,1,Giả mạo,4.11
1583,263.wav,1,Giả mạo,3.85
1584,264.wav,1,Giả mạo,4.06
1585,265.wav,1,Giả mạo,3.38
1586,266.wav,1,Giả mạo,3.81
1587,267.wav,1,Giả mạo,3.0
1588,268.wav,1,Giả mạo,4.02
1589,269.wav,1,Giả mạo,3.0
1590,27.wav,1,Giả mạo,4.29
1591,270.wav,1,Giả mạo,3.76
1592,271.wav,1,Giả mạo,3.38
1593,272.wav,1,Giả mạo,3.63
1594,273.wav,1,Giả mạo,3.89
1595,274.wav,1,Giả mạo,3.68
1596,275.wav,1,Giả mạo,3.55
1597,276.wav,1,Giả mạo,2.86
1598,277.wav,1,Giả mạo,3.22
1599,278.wav,1,Giả mạo,3.76
1600,279.wav,1,Giả mạo,2.82
1601,28.wav,1,Giả mạo,4.5
1602,280.wav,1,Giả mạo,3.0
1603,281.wav,1,Giả mạo,3.34
1604,282.wav,1,Giả mạo,3.76
1605,283.wav,1,Giả mạo,3.76
1606,284.wav,1,Giả mạo,3.47
1607,285.wav,1,Giả mạo,3.17
1608,286.wav,1,Giả mạo,3.25
1609,287.wav,1,Giả mạo,3.42
1610,288.wav,1,Giả mạo,3.22
1611,289.wav,1,Giả mạo,3.2
1612,29.wav,1,Giả mạo,4.54
1613,290.wav,1,Giả mạo,3.93
1614,291.wav,1,Giả mạo,3.75
1615,292.wav,1,Giả mạo,2.89
1616,293.wav,1,Giả mạo,2.91
1617,294.wav,1,Giả mạo,3.12
1618,295.wav,1,Giả mạo,3.28
1619,296.wav,1,Giả mạo,2.83
1620,297.wav,1,Giả mạo,3.08
1621,298.wav,1,Giả mạo,3.08
1622,299.wav,1,Giả mạo,2.44
1623,3.wav,1,Giả mạo,4.92
1624,30.wav,1,Giả mạo,3.76
1625,300.wav,1,Giả mạo,3.5
1626,301.wav,1,Giả mạo,2.85
1627,302.wav,1,Giả mạo,2.93
1628,303.wav,1,Giả mạo,2.94
1629,304.wav,1,Giả mạo,3.35
1630,305.wav,1,Giả mạo,3.53
1631,306.wav,1,Giả mạo,3.45
1632,307.wav,1,Giả mạo,3.05
1633,308.wav,1,Giả mạo,2.82
1634,309.wav,1,Giả mạo,3.3
1635,31.wav,1,Giả mạo,3.62
1636,310.wav,1,Giả mạo,2.79
1637,311.wav,1,Giả mạo,2.98
1638,312.wav,1,Giả mạo,2.8
1639,313.wav,1,Giả mạo,2.23
1640,314.wav,1,Giả mạo,2.32
1641,315.wav,1,Giả mạo,2.81
1642,316.wav,1,Giả mạo,2.26
1643,317.wav,1,Giả mạo,2.51
1644,318.wav,1,Giả mạo,2.42
1645,319.wav,1,Giả mạo,2.28
1646,32.wav,1,Giả mạo,4.59
1647,320.wav,1,Giả mạo,2.62
1648,321.wav,1,Giả mạo,2.62
1649,322.wav,1,Giả mạo,2.7
1650,323.wav,1,Giả mạo,2.73
1651,324.wav,1,Giả mạo,2.86
1652,325.wav,1,Giả mạo,2.25
1653,326.wav,1,Giả mạo,2.26
1654,327.wav,1,Giả mạo,2.81
1655,328.wav,1,Giả mạo,2.79
1656,329.wav,1,Giả mạo,1.98
1657,33.wav,1,Giả mạo,4.46
1658,330.wav,1,Giả mạo,2.94
1659,331.wav,1,Giả mạo,2.66
1660,332.wav,1,Giả mạo,2.19
1661,333.wav,1,Giả mạo,2.72
1662,334.wav,1,Giả mạo,2.41
1663,335.wav,1,Giả mạo,1.82
1664,336.wav,1,Giả mạo,2.48
1665,337.wav,1,Giả mạo,2.08
1666,338.wav,1,Giả mạo,2.96
1667,339.wav,1,Giả mạo,2.42
1668,34.wav,1,Giả mạo,4.14
1669,340.wav,1,Giả mạo,2.14
1670,341.wav,1,Giả mạo,1.88
1671,342.wav,1,Giả mạo,2.15
1672,343.wav,1,Giả mạo,2.47
1673,344.wav,1,Giả mạo,2.49
1674,345.wav,1,Giả mạo,2.49
1675,346.wav,1,Giả mạo,2.53
1676,347.wav,1,Giả mạo,2.82
1677,348.wav,1,Giả mạo,2.78
1678,349.wav,1,Giả mạo,2.93
1679,35.wav,1,Giả mạo,4.29
1680,350.wav,1,Giả mạo,2.98
1681,351.wav,1,Giả mạo,2.35
1682,352.wav,1,Giả mạo,2.65
1683,353.wav,1,Giả mạo,2.71
1684,354.wav,1,Giả mạo,2.26
1685,355.wav,1,Giả mạo,2.07
1686,356.wav,1,Giả mạo,2.52
1687,357.wav,1,Giả mạo,2.14
1688,358.wav,1,Giả mạo,4.95
1689,359.wav,1,Giả mạo,4.23
1690,36.wav,1,Giả mạo,4.67
1691,360.wav,1,Giả mạo,4.9
1692,361.wav,1,Giả mạo,8.2
1693,362.wav,1,Giả mạo,4.42
1694,363.wav,1,Giả mạo,5.02
1695,364.wav,1,Giả mạo,4.3
1696,365.wav,1,Giả mạo,4.37
1697,366.wav,1,Giả mạo,4.08
1698,367.wav,1,Giả mạo,4.03
1699,368.wav,1,Giả mạo,3.7
1700,369.wav,1,Giả mạo,4.2
1701,37.wav,1,Giả mạo,4.29
1702,370.wav,1,Giả mạo,3.67
1703,371.wav,1,Giả mạo,4.08
1704,372.wav,1,Giả mạo,4.08
1705,373.wav,1,Giả mạo,4.18
1706,374.wav,1,Giả mạo,6.88
1707,375.wav,1,Giả mạo,3.6
1708,376.wav,1,Giả mạo,3.46
1709,377.wav,1,Giả mạo,4.08
1710,378.wav,1,Giả mạo,3.7
1711,379.wav,1,Giả mạo,3.65
1712,38.wav,1,Giả mạo,4.67
1713,380.wav,1,Giả mạo,4.32
1714,381.wav,1,Giả mạo,3.27
1715,382.wav,1,Giả mạo,3.27
1716,383.wav,1,Giả mạo,3.63
1717,384.wav,1,Giả mạo,2.83
1718,385.wav,1,Giả mạo,2.64
1719,386.wav,1,Giả mạo,3.48
1720,387.wav,1,Giả mạo,6.74
1721,388.wav,1,Giả mạo,3.19
1722,389.wav,1,Giả mạo,3.87
1723,39.wav,1,Giả mạo,4.76
1724,390.wav,1,Giả mạo,3.46
1725,391.wav,1,Giả mạo,2.86
1726,392.wav,1,Giả mạo,2.98
1727,393.wav,1,Giả mạo,3.67
1728,394.wav,1,Giả mạo,3.03
1729,395.wav,1,Giả mạo,3.03
1730,396.wav,1,Giả mạo,3.08
1731,397.wav,1,Giả mạo,4.5
1732,398.wav,1,Giả mạo,4.05
1733,399.wav,1,Giả mạo,3.16
1734,4.wav,1,Giả mạo,4.79
1735,40.wav,1,Giả mạo,3.94
1736,400.wav,1,Giả mạo,4.57
1737,401.wav,1,Giả mạo,5.26
1738,402.wav,1,Giả mạo,4.39
1739,403.wav,1,Giả mạo,4.66
1740,404.wav,1,Giả mạo,5.58
1741,405.wav,1,Giả mạo,4.51
1742,406.wav,1,Giả mạo,12.74
1743,407.wav,1,Giả mạo,6.36
1744,408.wav,1,Giả mạo,4.59
1745,409.wav,1,Giả mạo,4.86
1746,41.wav,1,Giả mạo,5.67
1747,410.wav,1,Giả mạo,4.72
1748,411.wav,1,Giả mạo,6.91
1749,412.wav,1,Giả mạo,5.67
1750,413.wav,1,Giả mạo,8.49
1751,414.wav,1,Giả mạo,4.05
1752,415.wav,1,Giả mạo,6.7
1753,416.wav,1,Giả mạo,4.65
1754,417.wav,1,Giả mạo,6.53
1755,418.wav,1,Giả mạo,4.42
1756,419.wav,1,Giả mạo,6.39
1757,42.wav,1,Giả mạo,4.33
1758,420.wav,1,Giả mạo,5.03
1759,421.wav,1,Giả mạo,4.26
1760,422.wav,1,Giả mạo,6.89
1761,423.wav,1,Giả mạo,6.48
1762,424.wav,1,Giả mạo,5.06
1763,425.wav,1,Giả mạo,10.39
1764,426.wav,1,Giả mạo,4.85
1765,427.wav,1,Giả mạo,11.13
1766,428.wav,1,Giả mạo,3.55
1767,429.wav,1,Giả mạo,6.43
1768,43.wav,1,Giả mạo,4.84
1769,430.wav,1,Giả mạo,5.29
1770,431.wav,1,Giả mạo,4.19
1771,432.wav,1,Giả mạo,4.44
1772,433.wav,1,Giả mạo,9.17
1773,434.wav,1,Giả mạo,6.46
1774,435.wav,1,Giả mạo,5.91
1775,436.wav,1,Giả mạo,6.03
1776,437.wav,1,Giả mạo,4.9
1777,438.wav,1,Giả mạo,6.48
1778,439.wav,1,Giả mạo,6.24
1779,44.wav,1,Giả mạo,4.41
1780,440.wav,1,Giả mạo,4.98
1781,441.wav,1,Giả mạo,7.39
1782,442.wav,1,Giả mạo,3.92
1783,443.wav,1,Giả mạo,4.74
1784,444.wav,1,Giả mạo,5.3
1785,445.wav,1,Giả mạo,5.12
1786,446.wav,1,Giả mạo,4.77
1787,447.wav,1,Giả mạo,6.12
1788,448.wav,1,Giả mạo,5.93
1789,449.wav,1,Giả mạo,5.69
1790,45.wav,1,Giả mạo,4.71
1791,450.wav,1,Giả mạo,4.74
1792,451.wav,1,Giả mạo,4.47
1793,452.wav,1,Giả mạo,4.98
1794,453.wav,1,Giả mạo,5.47
1795,454.wav,1,Giả mạo,5.58
1796,455.wav,1,Giả mạo,4.99
1797,456.wav,1,Giả mạo,4.31
1798,457.wav,1,Giả mạo,4.89
1799,458.wav,1,Giả mạo,6.67
1800,459.wav,1,Giả mạo,5.91
1801,46.wav,1,Giả mạo,4.19
1802,460.wav,1,Giả mạo,6.99
1803,461.wav,1,Giả mạo,2.47
1804,462.wav,1,Giả mạo,2.11
1805,463.wav,1,Giả mạo,1.46
1806,464.wav,1,Giả mạo,2.52
1807,465.wav,1,Giả mạo,3.04
1808,466.wav,1,Giả mạo,2.77
1809,467.wav,1,Giả mạo,2.9
1810,468.wav,1,Giả mạo,2.86
1811,469.wav,1,Giả mạo,2.31
1812,47.wav,1,Giả mạo,4.41
1813,470.wav,1,Giả mạo,2.22
1814,471.wav,1,Giả mạo,2.44
1815,472.wav,1,Giả mạo,2.69
1816,473.wav,1,Giả mạo,2.82
1817,474.wav,1,Giả mạo,3.0
1818,475.wav,1,Giả mạo,3.0
1819,476.wav,1,Giả mạo,2.57
1820,477.wav,1,Giả mạo,3.04
1821,478.wav,1,Giả mạo,3.47
1822,479.wav,1,Giả mạo,2.73
1823,48.wav,1,Giả mạo,4.41
1824,480.wav,1,Giả mạo,3.38
1825,481.wav,1,Giả mạo,2.86
1826,482.wav,1,Giả mạo,3.25
1827,483.wav,1,Giả mạo,3.09
1828,484.wav,1,Giả mạo,2.65
1829,485.wav,1,Giả mạo,2.47
1830,486.wav,1,Giả mạo,2.77
1831,487.wav,1,Giả mạo,3.04
1832,488.wav,1,Giả mạo,3.04
1833,489.wav,1,Giả mạo,2.31
1834,49.wav,1,Giả mạo,5.18
1835,490.wav,1,Giả mạo,3.3
1836,491.wav,1,Giả mạo,3.0
1837,492.wav,1,Giả mạo,2.73
1838,493.wav,1,Giả mạo,2.47
1839,494.wav,1,Giả mạo,2.18
1840,495.wav,1,Giả mạo,2.35
1841,496.wav,1,Giả mạo,3.0
1842,497.wav,1,Giả mạo,2.9
1843,498.wav,1,Giả mạo,2.77
1844,499.wav,1,Giả mạo,2.96
1845,5.wav,1,Giả mạo,3.63
1846,50.wav,1,Giả mạo,4.29
1847,500.wav,1,Giả mạo,2.57
1848,501.wav,1,Giả mạo,2.73
1849,502.wav,1,Giả mạo,3.0
1850,503.wav,1,Giả mạo,2.73
1851,504.wav,1,Giả mạo,1.36
1852,505.wav,1,Giả mạo,1.23
1853,506.wav,1,Giả mạo,1.31
1854,507.wav,1,Giả mạo,1.28
1855,508.wav,1,Giả mạo,1.71
1856,509.wav,1,Giả mạo,1.83
1857,51.wav,1,Giả mạo,5.13
1858,510.wav,1,Giả mạo,1.71
1859,511.wav,1,Giả mạo,1.31
1860,512.wav,1,Giả mạo,1.57
1861,513.wav,1,Giả mạo,1.61
1862,514.wav,1,Giả mạo,1.18
1863,515.wav,1,Giả mạo,1.36
1864,516.wav,1,Giả mạo,1.74
1865,517.wav,1,Giả mạo,1.18
1866,518.wav,1,Giả mạo,1.49
1867,519.wav,1,Giả mạo,1.28
1868,52.wav,1,Giả mạo,4.35
1869,520.wav,1,Giả mạo,1.31
1870,521.wav,1,Giả mạo,1.4
1871,522.wav,1,Giả mạo,1.31
1872,523.wav,1,Giả mạo,2.26
1873,524.wav,1,Giả mạo,1.83
1874,525.wav,1,Giả mạo,1.87
1875,526.wav,1,Giả mạo,1.57
1876,527.wav,1,Giả mạo,1.18
1877,528.wav,1,Giả mạo,1.31
1878,529.wav,1,Giả mạo,1.18
1879,53.wav,1,Giả mạo,7.37
1880,530.wav,1,Giả mạo,1.53
1881,531.wav,1,Giả mạo,1.71
1882,532.wav,1,Giả mạo,1.28
1883,533.wav,1,Giả mạo,1.53
1884,534.wav,1,Giả mạo,1.31
1885,535.wav,1,Giả mạo,1.36
1886,536.wav,1,Giả mạo,1.31
1887,537.wav,1,Giả mạo,1.83
1888,538.wav,1,Giả mạo,1.18
1889,539.wav,1,Giả mạo,1.83
1890,54.wav,1,Giả mạo,4.12
1891,540.wav,1,Giả mạo,1.31
1892,541.wav,1,Giả mạo,1.44
1893,542.wav,1,Giả mạo,2.18
1894,543.wav,1,Giả mạo,1.36
1895,544.wav,1,Giả mạo,1.71
1896,545.wav,1,Giả mạo,1.66
1897,546.wav,1,Giả mạo,1.49
1898,547.wav,1,Giả mạo,1.83
1899,548.wav,1,Giả mạo,1.44
1900,549.wav,1,Giả mạo,1.53
1901,55.wav,1,Giả mạo,4.27
1902,550.wav,1,Giả mạo,1.83
1903,551.wav,1,Giả mạo,1.49
1904,552.wav,1,Giả mạo,1.71
1905,553.wav,1,Giả mạo,1.44
1906,554.wav,1,Giả mạo,1.42
1907,555.wav,1,Giả mạo,1.71
1908,556.wav,1,Giả mạo,1.83
1909,557.wav,1,Giả mạo,1.59
1910,558.wav,1,Giả mạo,1.54
1911,559.wav,1,Giả mạo,1.54
1912,56.wav,1,Giả mạo,4.09
1913,560.wav,1,Giả mạo,1.86
1914,561.wav,1,Giả mạo,1.91
1915,562.wav,1,Giả mạo,1.75
1916,563.wav,1,Giả mạo,2.52
1917,564.wav,1,Giả mạo,3.1
1918,565.wav,1,Giả mạo,1.92
1919,566.wav,1,Giả mạo,1.99
1920,567.wav,1,Giả mạo,1.97
1921,568.wav,1,Giả mạo,2.14
1922,569.wav,1,Giả mạo,1.59
1923,57.wav,1,Giả mạo,3.75
1924,570.wav,1,Giả mạo,1.78
1925,571.wav,1,Giả mạo,1.95
1926,572.wav,1,Giả mạo,1.91
1927,573.wav,1,Giả mạo,1.63
1928,574.wav,1,Giả mạo,1.78
1929,575.wav,1,Giả mạo,1.71
1930,576.wav,1,Giả mạo,1.78
1931,577.wav,1,Giả mạo,1.87
1932,578.wav,1,Giả mạo,1.41
1933,579.wav,1,Giả mạo,1.83
1934,58.wav,1,Giả mạo,3.8
1935,580.wav,1,Giả mạo,1.54
1936,581.wav,1,Giả mạo,1.63
1937,582.wav,1,Giả mạo,1.75
1938,583.wav,1,Giả mạo,1.78
1939,584.wav,1,Giả mạo,1.73
1940,585.wav,1,Giả mạo,1.59
1941,586.wav,1,Giả mạo,1.39
1942,587.wav,1,Giả mạo,1.36
1943,588.wav,1,Giả mạo,1.56
1944,589.wav,1,Giả mạo,1.83
1945,59.wav,1,Giả mạo,3.65
1946,590.wav,1,Giả mạo,1.94
1947,591.wav,1,Giả mạo,1.71
1948,592.wav,1,Giả mạo,1.71
1949,593.wav,1,Giả mạo,2.07
1950,594.wav,1,Giả mạo,1.54
1951,595.wav,1,Giả mạo,2.12
1952,596.wav,1,Giả mạo,1.87
1953,597.wav,1,Giả mạo,1.78
1954,598.wav,1,Giả mạo,2.25
1955,599.wav,1,Giả mạo,1.54
1956,6.wav,1,Giả mạo,5.67
1957,60.wav,1,Giả mạo,3.88
1958,600.wav,1,Giả mạo,2.33
1959,601.wav,1,Giả mạo,2.04
1960,602.wav,1,Giả mạo,2.55
1961,603.wav,1,Giả mạo,2.35
1962,604.wav,1,Giả mạo,1.75
1963,605.wav,1,Giả mạo,1.78
1964,606.wav,1,Giả mạo,1.94
1965,607.wav,1,Giả mạo,1.44
1966,608.wav,1,Giả mạo,1.63
1967,609.wav,1,Giả mạo,1.71
1968,61.wav,1,Giả mạo,3.67
1969,610.wav,1,Giả mạo,1.73
1970,611.wav,1,Giả mạo,1.92
1971,612.wav,1,Giả mạo,1.91
1972,613.wav,1,Giả mạo,1.7
1973,614.wav,1,Giả mạo,1.62
1974,615.wav,1,Giả mạo,1.78
1975,616.wav,1,Giả mạo,1.87
1976,617.wav,1,Giả mạo,1.75
1977,618.wav,1,Giả mạo,1.8
1978,619.wav,1,Giả mạo,2.07
1979,62.wav,1,Giả mạo,4.01
1980,620.wav,1,Giả mạo,1.6
1981,621.wav,1,Giả mạo,1.86
1982,622.wav,1,Giả mạo,7.18
1983,623.wav,1,Giả mạo,1.6
1984,624.wav,1,Giả mạo,1.59
1985,625.wav,1,Giả mạo,1.42
1986,626.wav,1,Giả mạo,1.83
1987,627.wav,1,Giả mạo,1.51
1988,628.wav,1,Giả mạo,1.88
1989,629.wav,1,Giả mạo,1.78
1990,63.wav,1,Giả mạo,4.17
1991,630.wav,1,Giả mạo,1.99
1992,631.wav,1,Giả mạo,1.62
1993,632.wav,1,Giả mạo,1.83
1994,633.wav,1,Giả mạo,1.7
1995,634.wav,1,Giả mạo,1.73
1996,635.wav,1,Giả mạo,1.67
1997,636.wav,1,Giả mạo,1.51
1998,637.wav,1,Giả mạo,1.6
1999,638.wav,1,Giả mạo,1.54
2000,639.wav,1,Giả mạo,1.73
2001,64.wav,1,Giả mạo,3.75
2002,640.wav,1,Giả mạo,1.47
2003,641.wav,1,Giả mạo,1.71
2004,642.wav,1,Giả mạo,1.8
2005,643.wav,1,Giả mạo,1.87
2006,644.wav,1,Giả mạo,1.68
2007,645.wav,1,Giả mạo,1.78
2008,646.wav,1,Giả mạo,1.94
2009,647.wav,1,Giả mạo,1.88
2010,648.wav,1,Giả mạo,1.83
2011,649.wav,1,Giả mạo,1.44
2012,65.wav,1,Giả mạo,7.1
2013,650.wav,1,Giả mạo,1.51
2014,651.wav,1,Giả mạo,5.85
2015,652.wav,1,Giả mạo,2.59
2016,653.wav,1,Giả mạo,1.75
2017,654.wav,1,Giả mạo,1.8
2018,655.wav,1,Giả mạo,1.9
2019,656.wav,1,Giả mạo,1.33
2020,657.wav,1,Giả mạo,1.75
2021,658.wav,1,Giả mạo,1.67
2022,659.wav,1,Giả mạo,1.65
2023,66.wav,1,Giả mạo,4.06
2024,660.wav,1,Giả mạo,1.83
2025,661.wav,1,Giả mạo,1.75
2026,662.wav,1,Giả mạo,1.65
2027,663.wav,1,Giả mạo,2.17
2028,664.wav,1,Giả mạo,1.62
2029,665.wav,1,Giả mạo,1.67
2030,666.wav,1,Giả mạo,1.36
2031,667.wav,1,Giả mạo,1.54
2032,668.wav,1,Giả mạo,1.54
2033,669.wav,1,Giả mạo,1.18
2034,67.wav,1,Giả mạo,3.79
2035,670.wav,1,Giả mạo,1.85
2036,671.wav,1,Giả mạo,1.41
2037,672.wav,1,Giả mạo,1.8
2038,673.wav,1,Giả mạo,1.7
2039,674.wav,1,Giả mạo,1.71
2040,675.wav,1,Giả mạo,1.65
2041,676.wav,1,Giả mạo,1.65
2042,677.wav,1,Giả mạo,1.61
2043,678.wav,1,Giả mạo,1.28
2044,679.wav,1,Giả mạo,1.28
2045,68.wav,1,Giả mạo,3.87
2046,680.wav,1,Giả mạo,1.67
2047,681.wav,1,Giả mạo,2.25
2048,682.wav,1,Giả mạo,1.71
2049,683.wav,1,Giả mạo,1.9
2050,684.wav,1,Giả mạo,2.01
2051,685.wav,1,Giả mạo,2.09
2052,686.wav,1,Giả mạo,1.91
2053,687.wav,1,Giả mạo,1.91
2054,688.wav,1,Giả mạo,1.94
2055,689.wav,1,Giả mạo,1.86
2056,69.wav,1,Giả mạo,3.53
2057,690.wav,1,Giả mạo,2.35
2058,691.wav,1,Giả mạo,1.87
2059,692.wav,1,Giả mạo,1.94
2060,693.wav,1,Giả mạo,1.85
2061,694.wav,1,Giả mạo,1.65
2062,695.wav,1,Giả mạo,2.09
2063,696.wav,1,Giả mạo,2.07
2064,697.wav,1,Giả mạo,1.49
2065,698.wav,1,Giả mạo,1.66
2066,699.wav,1,Giả mạo,1.83
2067,7.wav,1,Giả mạo,4.25
2068,70.wav,1,Giả mạo,3.84
2069,700.wav,1,Giả mạo,1.78
2070,701.wav,1,Giả mạo,1.83
2071,702.wav,1,Giả mạo,2.09
2072,703.wav,1,Giả mạo,1.99
2073,704.wav,1,Giả mạo,1.86
2074,705.wav,1,Giả mạo,1.75
2075,706.wav,1,Giả mạo,1.94
2076,707.wav,1,Giả mạo,1.75
2077,708.wav,1,Giả mạo,1.68
2078,709.wav,1,Giả mạo,1.78
2079,71.wav,1,Giả mạo,3.7
2080,710.wav,1,Giả mạo,5.28
2081,711.wav,1,Giả mạo,1.39
2082,712.wav,1,Giả mạo,1.62
2083,713.wav,1,Giả mạo,1.7
2084,714.wav,1,Giả mạo,1.94
2085,715.wav,1,Giả mạo,3.29
2086,716.wav,1,Giả mạo,3.31
2087,717.wav,1,Giả mạo,3.48
2088,718.wav,1,Giả mạo,3.43
2089,719.wav,1,Giả mạo,2.07
2090,72.wav,1,Giả mạo,4.03
2091,720.wav,1,Giả mạo,2.59
2092,721.wav,1,Giả mạo,2.55
2093,722.wav,1,Giả mạo,2.43
2094,723.wav,1,Giả mạo,2.43
2095,724.wav,1,Giả mạo,3.1
2096,725.wav,1,Giả mạo,1.5
2097,726.wav,1,Giả mạo,2.19
2098,727.wav,1,Giả mạo,2.46
2099,728.wav,1,Giả mạo,2.3
2100,729.wav,1,Giả mạo,2.38
2101,73.wav,1,Giả mạo,4.32
2102,730.wav,1,Giả mạo,2.0
2103,731.wav,1,Giả mạo,1.75
2104,732.wav,1,Giả mạo,2.41
2105,733.wav,1,Giả mạo,2.1
2106,734.wav,1,Giả mạo,1.92
2107,735.wav,1,Giả mạo,2.09
2108,736.wav,1,Giả mạo,2.22
2109,737.wav,1,Giả mạo,1.68
2110,738.wav,1,Giả mạo,2.76
2111,739.wav,1,Giả mạo,2.69
2112,74.wav,1,Giả mạo,3.89
2113,740.wav,1,Giả mạo,2.55
2114,741.wav,1,Giả mạo,2.04
2115,742.wav,1,Giả mạo,2.17
2116,743.wav,1,Giả mạo,2.26
2117,744.wav,1,Giả mạo,2.0
2118,745.wav,1,Giả mạo,2.02
2119,746.wav,1,Giả mạo,1.66
2120,747.wav,1,Giả mạo,2.08
2121,748.wav,1,Giả mạo,2.14
2122,749.wav,1,Giả mạo,2.39
2123,75.wav,1,Giả mạo,3.77
2124,750.wav,1,Giả mạo,1.92
2125,751.wav,1,Giả mạo,2.5
2126,752.wav,1,Giả mạo,2.16
2127,753.wav,1,Giả mạo,2.48
2128,754.wav,1,Giả mạo,1.85
2129,755.wav,1,Giả mạo,2.02
2130,756.wav,1,Giả mạo,2.5
2131,757.wav,1,Giả mạo,4.51
2132,758.wav,1,Giả mạo,1.97
2133,759.wav,1,Giả mạo,1.97
2134,76.wav,1,Giả mạo,3.65
2135,760.wav,1,Giả mạo,2.07
2136,761.wav,1,Giả mạo,2.11
2137,762.wav,1,Giả mạo,2.55
2138,763.wav,1,Giả mạo,1.9
2139,764.wav,1,Giả mạo,2.57
2140,765.wav,1,Giả mạo,1.75
2141,766.wav,1,Giả mạo,2.09
2142,767.wav,1,Giả mạo,2.23
2143,768.wav,1,Giả mạo,2.71
2144,769.wav,1,Giả mạo,2.76
2145,77.wav,1,Giả mạo,3.27
2146,770.wav,1,Giả mạo,2.09
2147,771.wav,1,Giả mạo,2.35
2148,772.wav,1,Giả mạo,2.77
2149,773.wav,1,Giả mạo,1.92
2150,774.wav,1,Giả mạo,2.11
2151,775.wav,1,Giả mạo,2.35
2152,776.wav,1,Giả mạo,2.23
2153,777.wav,1,Giả mạo,2.55
2154,778.wav,1,Giả mạo,2.13
2155,779.wav,1,Giả mạo,2.76
2156,78.wav,1,Giả mạo,4.08
2157,780.wav,1,Giả mạo,2.18
2158,781.wav,1,Giả mạo,6.29
2159,782.wav,1,Giả mạo,2.12
2160,783.wav,1,Giả mạo,2.47
2161,784.wav,1,Giả mạo,2.17
2162,785.wav,1,Giả mạo,2.45
2163,786.wav,1,Giả mạo,2.46
2164,787.wav,1,Giả mạo,2.44
2165,788.wav,1,Giả mạo,2.25
2166,789.wav,1,Giả mạo,2.46
2167,79.wav,1,Giả mạo,4.02
2168,790.wav,1,Giả mạo,2.19
2169,791.wav,1,Giả mạo,2.14
2170,792.wav,1,Giả mạo,2.76
2171,793.wav,1,Giả mạo,1.99
2172,794.wav,1,Giả mạo,2.02
2173,795.wav,1,Giả mạo,2.1
2174,796.wav,1,Giả mạo,2.23
2175,797.wav,1,Giả mạo,2.35
2176,798.wav,1,Giả mạo,2.68
2177,799.wav,1,Giả mạo,2.35
2178,8.wav,1,Giả mạo,5.05
2179,80.wav,1,Giả mạo,8.88
2180,800.wav,1,Giả mạo,1.83
2181,801.wav,1,Giả mạo,2.37
2182,802.wav,1,Giả mạo,2.38
2183,803.wav,1,Giả mạo,2.11
2184,804.wav,1,Giả mạo,2.67
2185,805.wav,1,Giả mạo,2.59
2186,806.wav,1,Giả mạo,3.74
2187,807.wav,1,Giả mạo,4.13
2188,808.wav,1,Giả mạo,4.02
2189,809.wav,1,Giả mạo,3.5
2190,81.wav,1,Giả mạo,4.0
2191,810.wav,1,Giả mạo,3.07
2192,811.wav,1,Giả mạo,4.42
2193,812.wav,1,Giả mạo,4.18
2194,813.wav,1,Giả mạo,4.86
2195,814.wav,1,Giả mạo,4.23
2196,815.wav,1,Giả mạo,5.25
2197,816.wav,1,Giả mạo,4.73
2198,817.wav,1,Giả mạo,7.68
2199,818.wav,1,Giả mạo,4.95
2200,819.wav,1,Giả mạo,4.18
2201,82.wav,1,Giả mạo,4.08
2202,820.wav,1,Giả mạo,3.51
2203,821.wav,1,Giả mạo,3.79
2204,822.wav,1,Giả mạo,3.17
2205,823.wav,1,Giả mạo,3.07
2206,824.wav,1,Giả mạo,3.03
2207,825.wav,1,Giả mạo,3.48
2208,826.wav,1,Giả mạo,3.46
2209,827.wav,1,Giả mạo,4.51
2210,828.wav,1,Giả mạo,3.77
2211,829.wav,1,Giả mạo,3.87
2212,83.wav,1,Giả mạo,4.29
2213,830.wav,1,Giả mạo,4.08
2214,831.wav,1,Giả mạo,3.58
2215,832.wav,1,Giả mạo,3.94
2216,833.wav,1,Giả mạo,6.02
2217,834.wav,1,Giả mạo,3.6
2218,835.wav,1,Giả mạo,3.27
2219,836.wav,1,Giả mạo,2.88
2220,837.wav,1,Giả mạo,3.12
2221,838.wav,1,Giả mạo,4.18
2222,839.wav,1,Giả mạo,4.13
2223,84.wav,1,Giả mạo,4.31
2224,840.wav,1,Giả mạo,4.23
2225,841.wav,1,Giả mạo,5.07
2226,842.wav,1,Giả mạo,4.42
2227,843.wav,1,Giả mạo,4.32
2228,844.wav,1,Giả mạo,4.95
2229,845.wav,1,Giả mạo,4.27
2230,846.wav,1,Giả mạo,4.66
2231,847.wav,1,Giả mạo,4.06
2232,848.wav,1,Giả mạo,4.01
2233,849.wav,1,Giả mạo,3.99
2234,85.wav,1,Giả mạo,4.1
2235,850.wav,1,Giả mạo,7.96
2236,851.wav,1,Giả mạo,3.82
2237,852.wav,1,Giả mạo,4.42
2238,853.wav,1,Giả mạo,4.03
2239,854.wav,1,Giả mạo,4.25
2240,855.wav,1,Giả mạo,3.6
2241,856.wav,1,Giả mạo,4.25
2242,857.wav,1,Giả mạo,4.11
2243,858.wav,1,Giả mạo,4.15
2244,859.wav,1,Giả mạo,4.97
2245,86.wav,1,Giả mạo,3.5
2246,860.wav,1,Giả mạo,4.42
2247,861.wav,1,Giả mạo,3.46
2248,862.wav,1,Giả mạo,3.72
2249,863.wav,1,Giả mạo,4.37
2250,864.wav,1,Giả mạo,3.53
2251,865.wav,1,Giả mạo,7.77
2252,866.wav,1,Giả mạo,3.43
2253,867.wav,1,Giả mạo,3.99
2254,868.wav,1,Giả mạo,4.18
2255,869.wav,1,Giả mạo,4.37
2256,87.wav,1,Giả mạo,3.61
2257,870.wav,1,Giả mạo,4.54
2258,871.wav,1,Giả mạo,3.58
2259,872.wav,1,Giả mạo,3.87
2260,873.wav,1,Giả mạo,3.17
2261,874.wav,1,Giả mạo,4.03
2262,875.wav,1,Giả mạo,3.77
2263,876.wav,1,Giả mạo,3.27
2264,877.wav,1,Giả mạo,3.15
2265,878.wav,1,Giả mạo,3.05
2266,879.wav,1,Giả mạo,3.99
2267,88.wav,1,Giả mạo,3.45
2268,880.wav,1,Giả mạo,2.91
2269,881.wav,1,Giả mạo,3.22
2270,882.wav,1,Giả mạo,3.22
2271,883.wav,1,Giả mạo,3.27
2272,884.wav,1,Giả mạo,7.7
2273,885.wav,1,Giả mạo,3.51
2274,886.wav,1,Giả mạo,3.1
2275,887.wav,1,Giả mạo,3.15
2276,888.wav,1,Giả mạo,2.98
2277,889.wav,1,Giả mạo,2.35
2278,89.wav,1,Giả mạo,3.84
2279,890.wav,1,Giả mạo,3.89
2280,891.wav,1,Giả mạo,4.25
2281,892.wav,1,Giả mạo,3.51
2282,893.wav,1,Giả mạo,4.02
2283,894.wav,1,Giả mạo,3.81
2284,895.wav,1,Giả mạo,4.11
2285,896.wav,1,Giả mạo,4.14
2286,897.wav,1,Giả mạo,4.46
2287,898.wav,1,Giả mạo,3.89
2288,899.wav,1,Giả mạo,4.76
2289,9.wav,1,Giả mạo,4.92
2290,90.wav,1,Giả mạo,5.28
2291,900.wav,1,Giả mạo,4.92
2292,901.wav,1,Giả mạo,3.51
2293,902.wav,1,Giả mạo,4.06
2294,903.wav,1,Giả mạo,4.41
2295,904.wav,1,Giả mạo,4.71
2296,905.wav,1,Giả mạo,4.71
2297,906.wav,1,Giả mạo,2.73
2298,907.wav,1,Giả mạo,4.41
2299,908.wav,1,Giả mạo,2.96
2300,909.wav,1,Giả mạo,3.76
2301,91.wav,1,Giả mạo,4.59
2302,910.wav,1,Giả mạo,3.47
2303,911.wav,1,Giả mạo,4.38
2304,912.wav,1,Giả mạo,5.87
2305,913.wav,1,Giả mạo,4.41
2306,914.wav,1,Giả mạo,4.46
2307,915.wav,1,Giả mạo,4.63
2308,916.wav,1,Giả mạo,3.34
2309,917.wav,1,Giả mạo,3.63
2310,918.wav,1,Giả mạo,3.55
2311,919.wav,1,Giả mạo,3.89
2312,92.wav,1,Giả mạo,4.32
2313,920.wav,1,Giả mạo,4.06
2314,921.wav,1,Giả mạo,3.89
2315,922.wav,1,Giả mạo,5.96
2316,923.wav,1,Giả mạo,5.48
2317,924.wav,1,Giả mạo,4.06
2318,925.wav,1,Giả mạo,4.38
2319,926.wav,1,Giả mạo,3.98
2320,927.wav,1,Giả mạo,4.54
2321,928.wav,1,Giả mạo,4.33
2322,929.wav,1,Giả mạo,6.0
2323,93.wav,1,Giả mạo,4.61
2324,930.wav,1,Giả mạo,4.59
2325,931.wav,1,Giả mạo,4.14
2326,932.wav,1,Giả mạo,3.76
2327,933.wav,1,Giả mạo,5.22
2328,934.wav,1,Giả mạo,5.96
2329,935.wav,1,Giả mạo,5.14
2330,936.wav,1,Giả mạo,5.92
2331,937.wav,1,Giả mạo,4.97
2332,938.wav,1,Giả mạo,5.48
2333,939.wav,1,Giả mạo,4.79
2334,94.wav,1,Giả mạo,4.25
2335,940.wav,1,Giả mạo,4.59
2336,941.wav,1,Giả mạo,3.89
2337,942.wav,1,Giả mạo,4.38
2338,943.wav,1,Giả mạo,4.19
2339,944.wav,1,Giả mạo,3.38
2340,945.wav,1,Giả mạo,3.94
2341,946.wav,1,Giả mạo,2.44
2342,947.wav,1,Giả mạo,3.68
2343,948.wav,1,Giả mạo,4.92
2344,949.wav,1,Giả mạo,4.46
2345,95.wav,1,Giả mạo,4.42
2346,950.wav,1,Giả mạo,3.94
2347,951.wav,1,Giả mạo,3.38
2348,952.wav,1,Giả mạo,3.85
2349,953.wav,1,Giả mạo,6.34
2350,954.wav,1,Giả mạo,6.18
2351,955.wav,1,Giả mạo,5.02
2352,956.wav,1,Giả mạo,5.22
2353,957.wav,1,Giả mạo,5.7
2354,958.wav,1,Giả mạo,5.31
2355,959.wav,1,Giả mạo,4.28
2356,96.wav,1,Giả mạo,3.84
2357,960.wav,1,Giả mạo,4.11
2358,961.wav,1,Giả mạo,3.63
2359,962.wav,1,Giả mạo,4.33
2360,963.wav,1,Giả mạo,3.89
2361,964.wav,1,Giả mạo,3.6
2362,965.wav,1,Giả mạo,4.06
2363,966.wav,1,Giả mạo,3.68
2364,967.wav,1,Giả mạo,3.63
2365,968.wav,1,Giả mạo,4.92
2366,969.wav,1,Giả mạo,4.33
2367,97.wav,1,Giả mạo,3.7
2368,970.wav,1,Giả mạo,5.57
2369,971.wav,1,Giả mạo,4.33
2370,972.wav,1,Giả mạo,4.38
2371,973.wav,1,Giả mạo,4.46
2372,974.wav,1,Giả mạo,6.64
2373,975.wav,1,Giả mạo,4.79
2374,976.wav,1,Giả mạo,5.4
2375,977.wav,1,Giả mạo,5.54
2376,978.wav,1,Giả mạo,4.89
2377,979.wav,1,Giả mạo,5.05
2378,98.wav,1,Giả mạo,3.87
2379,980.wav,1,Giả mạo,3.63
2380,981.wav,1,Giả mạo,4.5
2381,982.wav,1,Giả mạo,3.38
2382,983.wav,1,Giả mạo,3.04
2383,984.wav,1,Giả mạo,4.28
2384,985.wav,1,Giả mạo,2.77
2385,986.wav,1,Giả mạo,3.12
2386,987.wav,1,Giả mạo,3.3
2387,988.wav,1,Giả mạo,3.25
2388,989.wav,1,Giả mạo,4.02
2389,99.wav,1,Giả mạo,3.65
2390,990.wav,1,Giả mạo,5.05
2391,991.wav,1,Giả mạo,7.8
2392,992.wav,1,Giả mạo,4.28
2393,993.wav,1,Giả mạo,4.25
2394,994.wav,1,Giả mạo,3.94
2395,995.wav,1,Giả mạo,4.28
2396,996.wav,1,Giả mạo,6.99
2397,997.wav,1,Giả mạo,3.81
2398,998.wav,1,Giả mạo,4.25
2399,999.wav,1,Giả mạo,4.33
